case_id,domain,difficulty,label,condition,question_id,probability,prediction,correct,p_A,p_B,prediction_A,prediction_B,correct_A,correct_B,distractor_1_probability,distractor_2_probability
M01,mathematics,easy,1,direct,compound,0.99,1,1,,,,,,,,
M01,mathematics,easy,1,decomposed,A_AND_B,0.99,1,1,0.99,0.99,1.0,1.0,1.0,1.0,,
M01,mathematics,easy,1,batched,target,0.99,1,1,,,,,,,0.95,0.98
M02,mathematics,easy,1,direct,compound,0.99,1,1,,,,,,,,
M02,mathematics,easy,1,decomposed,A_AND_B,0.99,1,1,0.99,0.99,1.0,1.0,1.0,1.0,,
M02,mathematics,easy,1,batched,target,0.99,1,1,,,,,,,0.97,0.98
M03,mathematics,easy,1,direct,compound,0.99,1,1,,,,,,,,
M03,mathematics,easy,1,decomposed,A_AND_B,0.99,1,1,0.99,0.99,1.0,1.0,1.0,1.0,,
M03,mathematics,easy,1,batched,target,0.99,1,1,,,,,,,0.97,0.98
M04,mathematics,easy,1,direct,compound,0.99,1,1,,,,,,,,
M04,mathematics,easy,1,decomposed,A_AND_B,0.99,1,1,0.99,0.99,1.0,1.0,1.0,1.0,,
M04,mathematics,easy,1,batched,target,0.99,1,1,,,,,,,0.97,0.98
M05,mathematics,moderate,0,direct,compound,0.02,0,1,,,,,,,,
M05,mathematics,moderate,0,decomposed,A_AND_B,0.01,0,1,0.96,0.01,1.0,0.0,0.0,1.0,,
M05,mathematics,moderate,0,batched,target,0.02,0,1,,,,,,,0.93,0.98
M06,mathematics,moderate,1,direct,compound,0.99,1,1,,,,,,,,
M06,mathematics,moderate,1,decomposed,A_AND_B,0.99,1,1,0.99,1.0,1.0,1.0,1.0,1.0,,
M06,mathematics,moderate,1,batched,target,1.0,1,1,,,,,,,0.98,0.99
M07,mathematics,moderate,1,direct,compound,0.99,1,1,,,,,,,,
M07,mathematics,moderate,1,decomposed,A_AND_B,0.98,1,1,0.98,0.99,1.0,1.0,1.0,1.0,,
M07,mathematics,moderate,1,batched,target,0.99,1,1,,,,,,,0.96,0.98
M08,mathematics,moderate,1,direct,compound,0.99,1,1,,,,,,,,
M08,mathematics,moderate,1,decomposed,A_AND_B,0.99,1,1,0.99,0.99,1.0,1.0,1.0,1.0,,
M08,mathematics,moderate,1,batched,target,0.99,1,1,,,,,,,0.98,0.97
M09,mathematics,hard,1,direct,compound,0.99,1,1,,,,,,,,
M09,mathematics,hard,1,decomposed,A_AND_B,0.98,1,1,0.98,0.99,1.0,1.0,1.0,1.0,,
M09,mathematics,hard,1,batched,target,0.99,1,1,,,,,,,0.98,0.98
M10,mathematics,hard,1,direct,compound,0.99,1,1,,,,,,,,
M10,mathematics,hard,1,decomposed,A_AND_B,0.99,1,1,0.99,0.99,1.0,1.0,1.0,1.0,,
M10,mathematics,hard,1,batched,target,0.99,1,1,,,,,,,0.97,0.99
M11,mathematics,hard,1,direct,compound,0.99,1,1,,,,,,,,
M11,mathematics,hard,1,decomposed,A_AND_B,0.99,1,1,0.99,0.99,1.0,1.0,1.0,1.0,,
M11,mathematics,hard,1,batched,target,0.99,1,1,,,,,,,0.98,0.99
M12,mathematics,hard,1,direct,compound,0.98,1,1,,,,,,,,
M12,mathematics,hard,1,decomposed,A_AND_B,0.98,1,1,0.99,0.98,1.0,1.0,1.0,1.0,,
M12,mathematics,hard,1,batched,target,0.98,1,1,,,,,,,0.97,0.96
P01,probability,easy,1,direct,compound,0.98,1,1,,,,,,,,
P01,probability,easy,1,decomposed,A_AND_B,0.97,1,1,0.97,0.98,1.0,1.0,1.0,1.0,,
P01,probability,easy,1,batched,target,0.99,1,1,,,,,,,0.97,0.99
P02,probability,easy,1,direct,compound,0.99,1,1,,,,,,,,
P02,probability,easy,1,decomposed,A_AND_B,0.97,1,1,0.97,0.98,1.0,1.0,1.0,1.0,,
P02,probability,easy,1,batched,target,0.99,1,1,,,,,,,0.95,0.96
P03,probability,easy,1,direct,compound,0.99,1,1,,,,,,,,
P03,probability,easy,1,decomposed,A_AND_B,0.99,1,1,0.99,0.99,1.0,1.0,1.0,1.0,,
P03,probability,easy,1,batched,target,0.99,1,1,,,,,,,0.97,0.99
P04,probability,easy,1,direct,compound,0.99,1,1,,,,,,,,
P04,probability,easy,1,decomposed,A_AND_B,0.98,1,1,0.98,0.98,1.0,1.0,1.0,1.0,,
P04,probability,easy,1,batched,target,0.99,1,1,,,,,,,0.97,0.99
P05,probability,moderate,1,direct,compound,0.98,1,1,,,,,,,,
P05,probability,moderate,1,decomposed,A_AND_B,0.97,1,1,0.97,0.97,1.0,1.0,1.0,1.0,,
P05,probability,moderate,1,batched,target,0.97,1,1,,,,,,,0.97,0.98
P06,probability,moderate,1,direct,compound,0.98,1,1,,,,,,,,
P06,probability,moderate,1,decomposed,A_AND_B,0.97,1,1,0.97,0.97,1.0,1.0,1.0,1.0,,
P06,probability,moderate,1,batched,target,0.97,1,1,,,,,,,0.97,0.99
P07,probability,moderate,1,direct,compound,0.99,1,1,,,,,,,,
P07,probability,moderate,1,decomposed,A_AND_B,0.97,1,1,0.97,0.98,1.0,1.0,1.0,1.0,,
P07,probability,moderate,1,batched,target,0.99,1,1,,,,,,,0.96,0.97
P08,probability,moderate,1,direct,compound,0.85,1,1,,,,,,,,
P08,probability,moderate,1,decomposed,A_AND_B,0.86,1,1,0.86,0.93,1.0,1.0,1.0,1.0,,
P08,probability,moderate,1,batched,target,0.85,1,1,,,,,,,0.97,0.99
P09,probability,hard,1,direct,compound,0.9,1,1,,,,,,,,
P09,probability,hard,1,decomposed,A_AND_B,0.9,1,1,0.9,0.9,1.0,1.0,1.0,1.0,,
P09,probability,hard,1,batched,target,0.89,1,1,,,,,,,0.91,0.94
P10,probability,hard,1,direct,compound,0.94,1,1,,,,,,,,
P10,probability,hard,1,decomposed,A_AND_B,0.82,1,1,0.82,0.94,1.0,1.0,1.0,1.0,,
P10,probability,hard,1,batched,target,0.92,1,1,,,,,,,0.97,0.99
P11,probability,hard,0,direct,compound,0.01,0,1,,,,,,,,
P11,probability,hard,0,decomposed,A_AND_B,0.02,0,1,0.98,0.02,1.0,0.0,1.0,1.0,,
P11,probability,hard,0,batched,target,0.02,0,1,,,,,,,0.97,0.98
P12,probability,hard,0,direct,compound,0.02,0,1,,,,,,,,
P12,probability,hard,0,decomposed,A_AND_B,0.03,0,1,0.98,0.03,1.0,0.0,1.0,1.0,,
P12,probability,hard,0,batched,target,0.02,0,1,,,,,,,0.96,0.94
L01,formal_logic,easy,1,direct,compound,0.98,1,1,,,,,,,,
L01,formal_logic,easy,1,decomposed,A_AND_B,0.98,1,1,0.98,0.98,1.0,1.0,1.0,1.0,,
L01,formal_logic,easy,1,batched,target,0.98,1,1,,,,,,,0.95,0.96
L02,formal_logic,easy,1,direct,compound,0.99,1,1,,,,,,,,
L02,formal_logic,easy,1,decomposed,A_AND_B,0.98,1,1,0.98,0.98,1.0,1.0,1.0,1.0,,
L02,formal_logic,easy,1,batched,target,0.99,1,1,,,,,,,0.93,0.92
L03,formal_logic,easy,1,direct,compound,0.98,1,1,,,,,,,,
L03,formal_logic,easy,1,decomposed,A_AND_B,0.97,1,1,0.97,0.97,1.0,1.0,1.0,1.0,,
L03,formal_logic,easy,1,batched,target,0.97,1,1,,,,,,,0.95,0.91
L04,formal_logic,easy,1,direct,compound,0.98,1,1,,,,,,,,
L04,formal_logic,easy,1,decomposed,A_AND_B,0.97,1,1,0.97,0.97,1.0,1.0,1.0,1.0,,
L04,formal_logic,easy,1,batched,target,0.98,1,1,,,,,,,0.93,0.89
L05,formal_logic,moderate,0,direct,compound,0.02,0,1,,,,,,,,
L05,formal_logic,moderate,0,decomposed,A_AND_B,0.02,0,1,0.97,0.02,1.0,0.0,1.0,1.0,,
L05,formal_logic,moderate,0,batched,target,0.02,0,1,,,,,,,0.95,0.9
L06,formal_logic,moderate,0,direct,compound,0.02,0,1,,,,,,,,
L06,formal_logic,moderate,0,decomposed,A_AND_B,0.02,0,1,0.97,0.02,1.0,0.0,1.0,1.0,,
L06,formal_logic,moderate,0,batched,target,0.02,0,1,,,,,,,0.95,0.93
L07,formal_logic,moderate,0,direct,compound,0.02,0,1,,,,,,,,
L07,formal_logic,moderate,0,decomposed,A_AND_B,0.02,0,1,0.96,0.02,1.0,0.0,1.0,1.0,,
L07,formal_logic,moderate,0,batched,target,0.02,0,1,,,,,,,0.95,0.92
L08,formal_logic,moderate,0,direct,compound,0.03,0,1,,,,,,,,
L08,formal_logic,moderate,0,decomposed,A_AND_B,0.04,0,1,0.96,0.04,1.0,0.0,1.0,1.0,,
L08,formal_logic,moderate,0,batched,target,0.03,0,1,,,,,,,0.95,0.92
L09,formal_logic,hard,0,direct,compound,0.02,0,1,,,,,,,,
L09,formal_logic,hard,0,decomposed,A_AND_B,0.02,0,1,0.96,0.02,1.0,0.0,1.0,1.0,,
L09,formal_logic,hard,0,batched,target,0.02,0,1,,,,,,,0.93,0.94
L10,formal_logic,hard,0,direct,compound,0.02,0,1,,,,,,,,
L10,formal_logic,hard,0,decomposed,A_AND_B,0.02,0,1,0.98,0.02,1.0,0.0,1.0,1.0,,
L10,formal_logic,hard,0,batched,target,0.02,0,1,,,,,,,0.94,0.91
L11,formal_logic,hard,0,direct,compound,0.04,0,1,,,,,,,,
L11,formal_logic,hard,0,decomposed,A_AND_B,0.02,0,1,0.97,0.02,1.0,0.0,1.0,1.0,,
L11,formal_logic,hard,0,batched,target,0.04,0,1,,,,,,,0.94,0.94
L12,formal_logic,hard,0,direct,compound,0.02,0,1,,,,,,,,
L12,formal_logic,hard,0,decomposed,A_AND_B,0.01,0,1,0.98,0.01,1.0,0.0,1.0,1.0,,
L12,formal_logic,hard,0,batched,target,0.02,0,1,,,,,,,0.95,0.97
S01,science_reasoning,easy,1,direct,compound,0.98,1,1,,,,,,,,
S01,science_reasoning,easy,1,decomposed,A_AND_B,0.98,1,1,0.98,0.99,1.0,1.0,1.0,1.0,,
S01,science_reasoning,easy,1,batched,target,0.98,1,1,,,,,,,0.96,0.97
S02,science_reasoning,easy,1,direct,compound,0.98,1,1,,,,,,,,
S02,science_reasoning,easy,1,decomposed,A_AND_B,0.97,1,1,0.98,0.97,1.0,1.0,1.0,1.0,,
S02,science_reasoning,easy,1,batched,target,0.98,1,1,,,,,,,0.97,0.97
S03,science_reasoning,easy,1,direct,compound,0.98,1,1,,,,,,,,
S03,science_reasoning,easy,1,decomposed,A_AND_B,0.98,1,1,0.98,0.99,1.0,1.0,1.0,1.0,,
S03,science_reasoning,easy,1,batched,target,0.98,1,1,,,,,,,0.93,0.96
S04,science_reasoning,easy,1,direct,compound,0.98,1,1,,,,,,,,
S04,science_reasoning,easy,1,decomposed,A_AND_B,0.98,1,1,0.99,0.98,1.0,1.0,1.0,1.0,,
S04,science_reasoning,easy,1,batched,target,0.98,1,1,,,,,,,0.97,0.98
S05,science_reasoning,moderate,0,direct,compound,0.03,0,1,,,,,,,,
S05,science_reasoning,moderate,0,decomposed,A_AND_B,0.02,0,1,0.97,0.02,1.0,0.0,1.0,1.0,,
S05,science_reasoning,moderate,0,batched,target,0.03,0,1,,,,,,,0.96,0.96
S06,science_reasoning,moderate,0,direct,compound,0.02,0,1,,,,,,,,
S06,science_reasoning,moderate,0,decomposed,A_AND_B,0.02,0,1,0.98,0.02,1.0,0.0,1.0,1.0,,
S06,science_reasoning,moderate,0,batched,target,0.03,0,1,,,,,,,0.96,0.97
S07,science_reasoning,moderate,0,direct,compound,0.02,0,1,,,,,,,,
S07,science_reasoning,moderate,0,decomposed,A_AND_B,0.02,0,1,0.98,0.02,1.0,0.0,1.0,1.0,,
S07,science_reasoning,moderate,0,batched,target,0.02,0,1,,,,,,,0.95,0.95
S08,science_reasoning,moderate,0,direct,compound,0.05,0,1,,,,,,,,
S08,science_reasoning,moderate,0,decomposed,A_AND_B,0.04,0,1,0.96,0.04,1.0,0.0,1.0,1.0,,
S08,science_reasoning,moderate,0,batched,target,0.04,0,1,,,,,,,0.96,0.96
S09,science_reasoning,hard,0,direct,compound,0.07,0,1,,,,,,,,
S09,science_reasoning,hard,0,decomposed,A_AND_B,0.1,0,1,0.95,0.1,1.0,0.0,1.0,1.0,,
S09,science_reasoning,hard,0,batched,target,0.07,0,1,,,,,,,0.95,0.96
S10,science_reasoning,hard,0,direct,compound,0.02,0,1,,,,,,,,
S10,science_reasoning,hard,0,decomposed,A_AND_B,0.03,0,1,0.98,0.03,1.0,0.0,1.0,1.0,,
S10,science_reasoning,hard,0,batched,target,0.02,0,1,,,,,,,0.95,0.97
S11,science_reasoning,hard,0,direct,compound,0.02,0,1,,,,,,,,
S11,science_reasoning,hard,0,decomposed,A_AND_B,0.01,0,1,0.98,0.01,1.0,0.0,1.0,1.0,,
S11,science_reasoning,hard,0,batched,target,0.02,0,1,,,,,,,0.94,0.96
S12,science_reasoning,hard,0,direct,compound,0.03,0,1,,,,,,,,
S12,science_reasoning,hard,0,decomposed,A_AND_B,0.03,0,1,0.96,0.03,1.0,0.0,1.0,1.0,,
S12,science_reasoning,hard,0,batched,target,0.03,0,1,,,,,,,0.88,0.95
D01,data_reasoning,easy,1,direct,compound,0.98,1,1,,,,,,,,
D01,data_reasoning,easy,1,decomposed,A_AND_B,0.98,1,1,0.98,0.98,1.0,1.0,1.0,1.0,,
D01,data_reasoning,easy,1,batched,target,0.98,1,1,,,,,,,0.97,0.99
D02,data_reasoning,easy,0,direct,compound,0.01,0,1,,,,,,,,
D02,data_reasoning,easy,0,decomposed,A_AND_B,0.0,0,1,0.99,0.0,1.0,0.0,1.0,1.0,,
D02,data_reasoning,easy,0,batched,target,0.01,0,1,,,,,,,0.97,0.99
D03,data_reasoning,easy,0,direct,compound,0.05,0,1,,,,,,,,
D03,data_reasoning,easy,0,decomposed,A_AND_B,0.21,0,1,0.98,0.21,1.0,0.0,1.0,1.0,,
D03,data_reasoning,easy,0,batched,target,0.05,0,1,,,,,,,0.97,0.99
D04,data_reasoning,easy,0,direct,compound,0.02,0,1,,,,,,,,
D04,data_reasoning,easy,0,decomposed,A_AND_B,0.02,0,1,0.99,0.02,1.0,0.0,1.0,1.0,,
D04,data_reasoning,easy,0,batched,target,0.02,0,1,,,,,,,0.96,0.96
D05,data_reasoning,moderate,0,direct,compound,0.02,0,1,,,,,,,,
D05,data_reasoning,moderate,0,decomposed,A_AND_B,0.01,0,1,0.99,0.01,1.0,0.0,1.0,1.0,,
D05,data_reasoning,moderate,0,batched,target,0.02,0,1,,,,,,,0.98,0.99
D06,data_reasoning,moderate,0,direct,compound,0.02,0,1,,,,,,,,
D06,data_reasoning,moderate,0,decomposed,A_AND_B,0.02,0,1,0.99,0.02,1.0,0.0,1.0,1.0,,
D06,data_reasoning,moderate,0,batched,target,0.02,0,1,,,,,,,0.97,0.99
D07,data_reasoning,moderate,0,direct,compound,0.02,0,1,,,,,,,,
D07,data_reasoning,moderate,0,decomposed,A_AND_B,0.02,0,1,0.97,0.02,1.0,0.0,1.0,1.0,,
D07,data_reasoning,moderate,0,batched,target,0.02,0,1,,,,,,,0.96,0.98
D08,data_reasoning,moderate,0,direct,compound,0.02,0,1,,,,,,,,
D08,data_reasoning,moderate,0,decomposed,A_AND_B,0.01,0,1,0.99,0.01,1.0,0.0,1.0,1.0,,
D08,data_reasoning,moderate,0,batched,target,0.02,0,1,,,,,,,0.97,0.98
D09,data_reasoning,hard,0,direct,compound,0.03,0,1,,,,,,,,
D09,data_reasoning,hard,0,decomposed,A_AND_B,0.02,0,1,0.99,0.02,1.0,0.0,1.0,1.0,,
D09,data_reasoning,hard,0,batched,target,0.03,0,1,,,,,,,0.98,0.99
D10,data_reasoning,hard,0,direct,compound,0.18,0,1,,,,,,,,
D10,data_reasoning,hard,0,decomposed,A_AND_B,0.16,0,1,0.94,0.16,1.0,0.0,1.0,1.0,,
D10,data_reasoning,hard,0,batched,target,0.15,0,1,,,,,,,0.96,0.99
D11,data_reasoning,hard,0,direct,compound,0.03,0,1,,,,,,,,
D11,data_reasoning,hard,0,decomposed,A_AND_B,0.04,0,1,0.95,0.04,1.0,0.0,1.0,1.0,,
D11,data_reasoning,hard,0,batched,target,0.03,0,1,,,,,,,0.97,0.99
D12,data_reasoning,hard,0,direct,compound,0.01,0,1,,,,,,,,
D12,data_reasoning,hard,0,decomposed,A_AND_B,0.02,0,1,0.99,0.02,1.0,0.0,1.0,1.0,,
D12,data_reasoning,hard,0,batched,target,0.01,0,1,,,,,,,0.97,0.99
