case_id,domain,difficulty,label,state,noul_probability_true,choice_probability_true,score_probability_true,noul_prediction,choice_prediction,score_prediction,noul_correct,choice_correct,score_correct,model,input_tokens,output_tokens,estimated_cost,latency_seconds,timestamp,status
E13_M01,mathematics,easy,1,17 is a prime number.,0.96,0.99,0.97,1,1,1,1,1,1,jev-1.13.0,434,80,1.8228e-05,0.5007679462432861,2026-10-07T21:55:16,success
E13_M02,mathematics,easy,0,21 is a prime number.,0.02,0.0,0.01,0,0,0,1,1,1,jev-1.13.0,434,80,1.8228e-05,0.6059250831604004,2026-10-07T21:55:17,success
E13_M03,mathematics,easy,1,12 multiplied by 8 equals 96.,0.92,0.99,0.97,1,1,1,1,1,1,jev-1.13.0,438,80,1.8395999999999998e-05,1.2174501419067383,2026-10-07T21:55:18,success
E13_M04,mathematics,easy,0,7 multiplied by 9 equals 54.,0.04,0.18,0.3,0,0,0,1,1,1,jev-1.13.0,437,80,1.8354e-05,0.5058000087738037,2026-10-07T21:55:19,success
E13_M05,mathematics,moderate,1,"The arithmetic mean of 6, 10, and 14 is 10.",0.99,0.99,0.97,1,1,1,1,1,1,jev-1.13.0,447,80,1.8774e-05,0.43850111961364746,2026-10-07T21:55:20,success
E13_M06,mathematics,moderate,0,"The median of 3, 8, 11, 15, and 20 is 8.",0.03,0.08,0.04,0,0,0,1,1,1,jev-1.13.0,452,80,1.8984e-05,0.5660951137542725,2026-10-07T21:55:21,success
E13_M07,mathematics,moderate,1,The sum of the first five positive integers is 15.,0.98,0.99,0.95,1,1,1,1,1,1,jev-1.13.0,440,80,1.848e-05,0.7120740413665771,2026-10-07T21:55:21,success
E13_M08,mathematics,moderate,0,The positive square root of 81 is 8.,0.01,0.0,0.0,0,0,0,1,1,1,jev-1.13.0,439,80,1.8438e-05,0.6093440055847168,2026-10-07T21:55:22,success
E13_M09,mathematics,hard,1,"The 20th term of the arithmetic sequence 4, 7, 10, 13, ... is 61.",0.72,0.84,0.8,1,1,1,1,1,1,jev-1.13.0,457,80,1.9194e-05,0.40015101432800293,2026-10-07T21:55:23,success
E13_M10,mathematics,hard,0,The roots of x^2 - 5x + 6 = 0 are 2 and 4.,0.01,0.0,0.0,0,0,0,1,1,1,jev-1.13.0,450,80,1.89e-05,0.6481049060821533,2026-10-07T21:55:24,success
E13_M11,mathematics,hard,1,"For f(x) = 2x + 3, the value of f(5) is 13.",0.99,0.98,0.96,1,1,1,1,1,1,jev-1.13.0,451,80,1.8942e-05,0.6785190105438232,2026-10-07T21:55:25,success
E13_M12,mathematics,hard,0,"For every real number x, x^2 is greater than or equal to x.",0.03,0.0,0.0,0,0,0,1,1,1,jev-1.13.0,444,80,1.8648e-05,0.7070260047912598,2026-10-07T21:55:26,success
E13_P01,probability,easy,1,"For a fair coin, the probability of obtaining heads is 0.5.",0.97,0.99,0.95,1,1,1,1,1,1,jev-1.13.0,443,80,1.8606e-05,0.6082792282104492,2026-10-07T21:55:26,success
E13_P02,probability,easy,0,"For a fair six-sided die, the probability of obtaining an even number is 1/3.",0.04,0.01,0.01,0,0,0,1,1,1,jev-1.13.0,447,80,1.8774e-05,0.508854866027832,2026-10-07T21:55:27,success
E13_P03,probability,easy,1,"If two events are mutually exclusive with probabilities 0.3 and 0.2, their union has probability 0.5.",0.98,1.0,0.99,1,1,1,1,1,1,jev-1.13.0,454,80,1.9068e-05,0.5406210422515869,2026-10-07T21:55:28,success
E13_P04,probability,easy,0,"If two independent events have probabilities 0.5 and 0.4, their intersection has probability 0.9.",0.01,0.0,0.0,0,0,0,1,1,1,jev-1.13.0,452,80,1.8984e-05,0.43923521041870117,2026-10-07T21:55:29,success
E13_P05,probability,moderate,1,The probability of obtaining at least one head in two fair coin tosses is 0.75.,0.98,1.0,0.96,1,1,1,1,1,1,jev-1.13.0,448,80,1.8816e-05,0.3798205852508545,2026-10-07T21:55:29,success
E13_P06,probability,moderate,0,The probability of drawing an ace from a standard 52-card deck is 0.25.,0.02,0.01,0.01,0,0,0,1,1,1,jev-1.13.0,448,80,1.8816e-05,0.3805429935455322,2026-10-07T21:55:30,success
E13_P07,probability,moderate,1,"If independent events A and B have probabilities 0.5 and 0.4, then P(A intersection B) = 0.2.",0.98,1.0,0.98,1,1,1,1,1,1,jev-1.13.0,457,80,1.9194e-05,0.5741140842437744,2026-10-07T21:55:31,success
E13_P08,probability,moderate,0,"If independent events A and B have probabilities 0.6 and 0.5, then P(A intersection B) = 0.35.",0.02,0.0,0.0,0,0,0,1,1,1,jev-1.13.0,458,80,1.9236e-05,0.4555978775024414,2026-10-07T21:55:31,success
E13_P09,probability,hard,1,The probability of obtaining exactly two heads in four fair coin tosses is 0.375.,0.97,0.98,0.95,1,1,1,1,1,1,jev-1.13.0,448,80,1.8816e-05,0.4368116855621338,2026-10-07T21:55:32,success
E13_P10,probability,hard,0,The probability that two fair six-sided dice sum to 7 is 1/12.,0.03,0.04,0.13,0,0,0,1,1,1,jev-1.13.0,446,80,1.8732e-05,0.4320991039276123,2026-10-07T21:55:32,success
E13_P11,probability,hard,1,"If P(A) = 0.6, P(B) = 0.5, and P(A intersection B) = 0.2, then P(A union B) = 0.9.",1.0,0.96,0.96,1,1,1,1,1,1,jev-1.13.0,470,80,1.974e-05,0.40162205696105957,2026-10-07T21:55:33,success
E13_P12,probability,hard,0,"For a Bernoulli random variable with parameter p, the variance is p^2(1-p)^2.",0.03,0.01,0.01,0,0,0,1,1,1,jev-1.13.0,450,80,1.89e-05,0.4700510501861572,2026-10-07T21:55:34,success
E13_L01,formal_logic,easy,1,"If all mammals are animals and all dogs are mammals, then all dogs are animals.",0.98,1.0,0.99,1,1,1,1,1,1,jev-1.13.0,444,80,1.8648e-05,0.5950629711151123,2026-10-07T21:55:35,success
E13_L02,formal_logic,easy,0,"If all birds are animals and all fish are animals, then all birds are fish.",0.03,0.0,0.01,0,0,0,1,1,1,jev-1.13.0,444,80,1.8648e-05,0.5019159317016602,2026-10-07T21:55:35,success
E13_L03,formal_logic,easy,1,"If all squares are rectangles, then any object known to be a square is a rectangle.",0.97,0.99,0.97,1,1,1,1,1,1,jev-1.13.0,445,80,1.869e-05,0.6991109848022461,2026-10-07T21:55:36,success
E13_L04,formal_logic,easy,0,"If no cats are reptiles and all tigers are cats, then all tigers are reptiles.",0.03,0.0,0.0,0,0,0,1,1,1,jev-1.13.0,448,80,1.8816e-05,0.7214608192443848,2026-10-07T21:55:37,success
E13_L05,formal_logic,moderate,1,"If A implies B and B implies C, then A implies C.",0.97,0.99,0.96,1,1,1,1,1,1,jev-1.13.0,441,80,1.8522e-05,0.8092429637908936,2026-10-07T21:55:38,success
E13_L06,formal_logic,moderate,0,"If A implies B and B implies C, then C implies A.",0.05,0.0,0.0,0,0,0,1,1,1,jev-1.13.0,441,80,1.8522e-05,0.5031938552856445,2026-10-07T21:55:39,success
E13_L07,formal_logic,moderate,1,"If no A is B and every C is A, then no C is B.",0.96,1.0,0.98,1,1,1,1,1,1,jev-1.13.0,444,80,1.8648e-05,0.5875020027160645,2026-10-07T21:55:40,success
E13_L08,formal_logic,moderate,0,"If every A is B and some B is C, then some A is C.",0.07,0.0,0.01,0,0,0,1,1,1,jev-1.13.0,444,80,1.8648e-05,0.5001616477966309,2026-10-07T21:55:40,success
E13_L09,formal_logic,hard,1,"If A is logically equivalent to B and B is logically equivalent to C, then A is logically equivalent to C.",0.98,1.0,0.98,1,1,1,1,1,1,jev-1.13.0,450,80,1.89e-05,0.4946131706237793,2026-10-07T21:55:41,success
E13_L10,formal_logic,hard,0,"If A implies B and C implies B, then A implies C.",0.03,0.0,0.0,0,0,0,1,1,1,jev-1.13.0,441,80,1.8522e-05,0.7132549285888672,2026-10-07T21:55:42,success
E13_L11,formal_logic,hard,1,"If all poets are writers and no writers are robots, then no poets are robots.",0.97,1.0,0.99,1,1,1,1,1,1,jev-1.13.0,444,80,1.8648e-05,0.6498739719390869,2026-10-07T21:55:43,success
E13_L12,formal_logic,hard,0,"If some A is B and some B is C, then some A is C.",0.07,0.0,0.01,0,0,0,1,1,1,jev-1.13.0,444,80,1.8648e-05,0.7561421394348145,2026-10-07T21:55:44,success
E13_S01,science_reasoning,easy,1,"At standard atmospheric pressure, pure water freezes at approximately 0 degrees Celsius.",0.92,0.99,0.97,1,1,1,1,1,1,jev-1.13.0,442,80,1.8564e-05,0.9118890762329102,2026-10-07T21:55:45,success
E13_S02,science_reasoning,easy,0,A healthy human normally has three lungs.,0.01,0.0,0.0,0,0,0,1,1,1,jev-1.13.0,435,80,1.827e-05,1.2035119533538818,2026-10-07T21:55:46,success
E13_S03,science_reasoning,easy,1,Light travels faster than sound in air.,0.96,1.0,0.97,1,1,1,1,1,1,jev-1.13.0,435,80,1.827e-05,0.6181008815765381,2026-10-07T21:55:47,success
E13_S04,science_reasoning,easy,0,Plants obtain most of the carbon dioxide they use for photosynthesis from the soil.,0.03,0.0,0.0,0,0,0,1,1,1,jev-1.13.0,445,80,1.869e-05,0.60744309425354,2026-10-07T21:55:48,success
E13_S05,science_reasoning,moderate,1,"For an ideal gas, increasing temperature increases the average kinetic energy of its particles.",0.97,1.0,0.98,1,1,1,1,1,1,jev-1.13.0,443,80,1.8606e-05,0.7650880813598633,2026-10-07T21:55:49,success
E13_S06,science_reasoning,moderate,0,Earth's seasons are caused primarily by changes in the Earth's distance from the Sun.,0.03,0.0,0.0,0,0,0,1,1,1,jev-1.13.0,444,80,1.8648e-05,0.6329200267791748,2026-10-07T21:55:50,success
E13_S07,science_reasoning,moderate,1,Antibiotics do not directly treat viral infections.,0.94,1.0,0.98,1,1,1,1,1,1,jev-1.13.0,437,80,1.8354e-05,0.4538853168487549,2026-10-07T21:55:51,success
E13_S08,science_reasoning,moderate,0,All metals are strongly attracted to magnets.,0.03,0.0,0.0,0,0,0,1,1,1,jev-1.13.0,435,80,1.827e-05,0.5574090480804443,2026-10-07T21:55:51,success
E13_S09,science_reasoning,hard,1,"In vacuum, electromagnetic waves propagate at the same speed regardless of their frequency.",0.96,1.0,0.97,1,1,1,1,1,1,jev-1.13.0,442,80,1.8564e-05,0.4979431629180908,2026-10-07T21:55:52,success
E13_S10,science_reasoning,hard,0,"In normal DNA, uracil is the standard pyrimidine that replaces thymine.",0.02,0.0,0.0,0,0,0,1,1,1,jev-1.13.0,445,80,1.869e-05,0.596182107925415,2026-10-07T21:55:53,success
E13_S11,science_reasoning,hard,1,Newton's third-law force pair consists of forces equal in magnitude and opposite in direction that act on different bodies.,0.94,1.0,0.97,1,1,1,1,1,1,jev-1.13.0,449,80,1.8857999999999998e-05,0.47275304794311523,2026-10-07T21:55:54,success
E13_S12,science_reasoning,hard,0,"In every physical medium, increasing the frequency of a wave always increases its propagation speed.",0.04,0.0,0.0,0,0,0,1,1,1,jev-1.13.0,444,80,1.8648e-05,0.42996978759765625,2026-10-07T21:55:54,success
E13_D01,data_reasoning,easy,1,"The arithmetic mean of the values 2, 4, 6, and 8 is 5.",0.95,0.84,0.84,1,1,1,1,1,1,jev-1.13.0,449,80,1.8857999999999998e-05,0.7090399265289307,2026-10-07T21:55:55,success
E13_D02,data_reasoning,easy,0,"The median of the values 2, 4, 6, and 8 is 6.",0.02,0.0,0.01,0,0,0,1,1,1,jev-1.13.0,448,80,1.8816e-05,0.3892478942871094,2026-10-07T21:55:56,success
E13_D03,data_reasoning,easy,1,A dataset contains 40 successes out of 50 observations. The success rate is 80 percent.,0.95,0.98,0.95,1,1,1,1,1,1,jev-1.13.0,450,80,1.89e-05,0.5017542839050293,2026-10-07T21:55:56,success
E13_D04,data_reasoning,easy,0,A dataset contains 15 successes out of 20 observations. The success rate is 60 percent.,0.05,0.06,0.12,0,0,0,1,1,1,jev-1.13.0,450,80,1.89e-05,0.8954107761383057,2026-10-07T21:55:58,success
E13_D05,data_reasoning,moderate,1,Group A has 30 successes out of 40 observations and Group B has 20 successes out of 40 observations. Group A has the higher success rate.,0.97,1.0,0.99,1,1,1,1,1,1,jev-1.13.0,463,80,1.9446e-05,0.37299585342407227,2026-10-07T21:55:58,success
E13_D06,data_reasoning,moderate,0,"The median of the values 3, 3, 5, 9, and 10 is 9.",0.01,0.0,0.0,0,0,0,1,1,1,jev-1.13.0,452,80,1.8984e-05,0.5572710037231445,2026-10-07T21:55:59,success
E13_D07,data_reasoning,moderate,1,"The mean of the values 12, 15, 18, and 21 is 16.5.",0.98,0.86,0.91,1,1,1,1,1,1,jev-1.13.0,455,80,1.9109999999999998e-05,0.5045859813690186,2026-10-07T21:56:00,success
E13_D08,data_reasoning,moderate,0,"If a quantity of 80 increases by 25 percent, the resulting quantity is 90.",0.06,0.26,0.38,0,0,0,1,1,1,jev-1.13.0,449,80,1.8857999999999998e-05,0.5088119506835938,2026-10-07T21:56:00,success
E13_D09,data_reasoning,hard,1,"A classifier has TP = 45, FP = 5, and FN = 5. Its precision and recall are both 0.90.",0.97,0.96,0.93,1,1,1,1,1,1,jev-1.13.0,459,80,1.9278e-05,0.38018202781677246,2026-10-07T21:56:01,success
E13_D10,data_reasoning,hard,0,"A classifier has TP = 80, FP = 20, and FN = 10. Its recall is 0.80.",0.2,0.51,0.46,0,1,0,1,0,1,jev-1.13.0,458,80,1.9236e-05,0.41168999671936035,2026-10-07T21:56:02,success
E13_D11,data_reasoning,hard,1,"The median of the six values 4, 7, 7, 9, 12, and 15 is 8.",0.96,0.93,0.92,1,1,1,1,1,1,jev-1.13.0,457,80,1.9194e-05,0.3449380397796631,2026-10-07T21:56:02,success
E13_D12,data_reasoning,hard,0,"If the Pearson correlation between two variables is zero, this proves that the variables are statistically independent.",0.04,0.0,0.0,0,0,0,1,1,1,jev-1.13.0,446,80,1.8732e-05,0.47754502296447754,2026-10-07T21:56:03,success
