experiment_id,counterfactual_id,original_id,perturbation_type,state,question,true_label,domain,difficulty,jev_probability,predicted_label,model,input_tokens,output_tokens,estimated_cost_usd,http_status,timestamp_utc
E4,P001_V1,P001,paraphrase,Water freezes at 0 degrees Celsius under standard atmospheric pressure.,"Under standard atmospheric pressure, does water freeze at 0 degrees Celsius?",1,science,easy,0.99,1,jev-1.13.0,324,25,1.3607999999999999e-05,200,2026-10-02T18:13:10.933309+00:00
E4,P001_V2,P001,question_form,Water freezes at 0 degrees Celsius under standard atmospheric pressure.,Would it be correct to say that water freezes at 0 degrees Celsius under standard atmospheric pressure?,1,science,easy,0.99,1,jev-1.13.0,329,25,1.3818e-05,200,2026-10-02T18:13:11.355065+00:00
E4,P001_V3,P001,state_rewrite,"At standard atmospheric pressure, the freezing point of water is 0 degrees Celsius.",Does water freeze at 0 degrees Celsius under standard atmospheric pressure?,1,science,easy,0.99,1,jev-1.13.0,327,25,1.3734000000000001e-05,200,2026-10-02T18:13:11.757718+00:00
E4,P002_V1,P002,paraphrase,"The Earth has one natural satellite, commonly called the Moon.",Does Earth have only one natural satellite?,1,science,easy,0.91,1,jev-1.13.0,318,25,1.3356e-05,200,2026-10-02T18:13:12.181526+00:00
E4,P002_V2,P002,question_form,"The Earth has one natural satellite, commonly called the Moon.",Is the Moon Earth's sole natural satellite?,1,science,easy,0.91,1,jev-1.13.0,319,25,1.3398e-05,200,2026-10-02T18:13:12.579052+00:00
E4,P002_V3,P002,state_rewrite,Earth's only naturally occurring satellite is the Moon.,Does the Earth have exactly one natural satellite?,1,science,easy,0.91,1,jev-1.13.0,317,25,1.3314e-05,200,2026-10-02T18:13:13.007571+00:00
E4,P003_V1,P003,paraphrase,Gold has the chemical symbol Au.,Is Au the chemical symbol for gold?,1,science,easy,0.99,1,jev-1.13.0,313,25,1.3146000000000001e-05,200,2026-10-02T18:13:13.418129+00:00
E4,P003_V2,P003,question_form,Gold has the chemical symbol Au.,Would it be correct to identify Au as gold's chemical symbol?,1,science,easy,0.99,1,jev-1.13.0,318,25,1.3356e-05,200,2026-10-02T18:13:13.785529+00:00
E4,P003_V3,P003,state_rewrite,The symbol assigned to the element gold is Au.,Is the chemical symbol for gold Au?,1,science,easy,0.99,1,jev-1.13.0,316,25,1.3272000000000001e-05,200,2026-10-02T18:13:14.169381+00:00
E4,P004_V1,P004,paraphrase,"The speed of light in vacuum is approximately 300,000 kilometers per second.","Is light's speed in a vacuum approximately 300,000 kilometers per second?",1,science,easy,0.98,1,jev-1.13.0,338,25,1.4196e-05,200,2026-10-02T18:22:31.300125+00:00
E4,P004_V2,P004,question_form,"The speed of light in vacuum is approximately 300,000 kilometers per second.","Can the speed of light in a vacuum be described as approximately 300,000 kilometers per second?",1,science,easy,0.99,1,jev-1.13.0,342,25,1.4364e-05,200,2026-10-02T18:22:31.667637+00:00
E4,P004_V3,P004,state_rewrite,"In empty space, light travels at roughly 300,000 kilometers per second.","Is the speed of light in vacuum approximately 300,000 kilometers per second?",1,science,easy,0.98,1,jev-1.13.0,338,25,1.4196e-05,200,2026-10-02T18:22:32.112675+00:00
E4,P005_V1,P005,paraphrase,Humans require oxygen for normal aerobic respiration.,Do humans need oxygen for normal aerobic respiration?,1,science,easy,0.99,1,jev-1.13.0,320,25,1.344e-05,200,2026-10-02T18:22:32.466035+00:00
E4,P005_V2,P005,question_form,Humans require oxygen for normal aerobic respiration.,Would a statement that humans need oxygen for normal aerobic respiration be true?,1,science,easy,0.99,1,jev-1.13.0,325,25,1.365e-05,200,2026-10-02T18:22:32.839393+00:00
E4,P005_V3,P005,state_rewrite,Normal aerobic respiration in humans requires oxygen.,Is oxygen required for normal aerobic respiration in humans?,1,science,easy,0.99,1,jev-1.13.0,320,25,1.344e-05,200,2026-10-02T18:22:33.225477+00:00
E4,P006_V1,P006,paraphrase,Pure water boils at approximately 100 degrees Celsius at standard atmospheric pressure.,"At standard atmospheric pressure, does pure water boil at about 100 degrees Celsius?",1,science,easy,0.98,1,jev-1.13.0,332,25,1.3944e-05,200,2026-10-02T18:22:33.663402+00:00
E4,P006_V2,P006,question_form,Pure water boils at approximately 100 degrees Celsius at standard atmospheric pressure.,Is it accurate to state that pure water reaches its boiling point at approximately 100 degrees Celsius under standard atmospheric pressure?,1,science,easy,0.98,1,jev-1.13.0,339,25,1.4238e-05,200,2026-10-02T18:22:34.068857+00:00
E4,P006_V3,P006,state_rewrite,"Under standard atmospheric pressure, the boiling point of pure water is about 100 degrees Celsius.",Does pure water boil at approximately 100 degrees Celsius at standard atmospheric pressure?,1,science,easy,0.99,1,jev-1.13.0,335,25,1.407e-05,200,2026-10-02T18:22:34.454352+00:00
E4,P007_V1,P007,paraphrase,The chemical formula for water is H2O.,Is H2O the chemical formula of water?,1,science,easy,0.99,1,jev-1.13.0,318,25,1.3356e-05,200,2026-10-02T18:22:34.852654+00:00
E4,P007_V2,P007,question_form,The chemical formula for water is H2O.,Would H2O be the correct chemical formula to give for water?,1,science,easy,0.99,1,jev-1.13.0,322,25,1.3524e-05,200,2026-10-02T18:22:35.252270+00:00
E4,P007_V3,P007,state_rewrite,Water is represented chemically by the formula H2O.,Is the chemical formula for water H2O?,1,science,easy,0.99,1,jev-1.13.0,321,25,1.3481999999999999e-05,200,2026-10-02T18:22:35.649582+00:00
E4,P008_V1,P008,paraphrase,The Sun is a star.,Can the Sun be classified as a star?,1,science,easy,0.99,1,jev-1.13.0,313,25,1.3146000000000001e-05,200,2026-10-02T18:22:36.057121+00:00
E4,P008_V2,P008,question_form,The Sun is a star.,Would it be correct to describe the Sun as a star?,1,science,easy,0.99,1,jev-1.13.0,316,25,1.3272000000000001e-05,200,2026-10-02T18:22:36.532659+00:00
E4,P008_V3,P008,state_rewrite,The Sun belongs to the class of astronomical objects known as stars.,Is the Sun a star?,1,science,easy,0.99,1,jev-1.13.0,317,25,1.3314e-05,200,2026-10-02T18:22:37.059047+00:00
E4,P009_V1,P009,paraphrase,Sound generally travels faster through steel than through air.,Does sound generally move faster through steel than through air?,1,science,medium,0.98,1,jev-1.13.0,319,25,1.3398e-05,200,2026-10-02T18:22:37.446798+00:00
E4,P009_V2,P009,question_form,Sound generally travels faster through steel than through air.,Is steel generally a medium in which sound travels faster than it does through air?,1,science,medium,0.98,1,jev-1.13.0,324,25,1.3607999999999999e-05,200,2026-10-02T18:22:37.837631+00:00
E4,P009_V3,P009,state_rewrite,"Compared with air, steel generally allows sound to propagate at a higher speed.",Does sound generally travel faster through steel than through air?,1,science,medium,0.98,1,jev-1.13.0,325,25,1.365e-05,200,2026-10-02T18:22:38.246166+00:00
E4,P010_V1,P010,paraphrase,The boiling point of water decreases as atmospheric pressure decreases.,Does water boil at a lower temperature when atmospheric pressure is reduced?,1,science,medium,0.98,1,jev-1.13.0,322,25,1.3524e-05,200,2026-10-02T19:54:05.671495+00:00
E4,P010_V2,P010,question_form,The boiling point of water decreases as atmospheric pressure decreases.,Is it true that lowering atmospheric pressure lowers water's boiling temperature?,1,science,medium,0.98,1,jev-1.13.0,322,25,1.3524e-05,200,2026-10-02T19:54:06.222740+00:00
E4,P010_V3,P010,state_rewrite,"When atmospheric pressure falls, water's boiling point falls.",Does water generally boil at a lower temperature when atmospheric pressure decreases?,1,science,medium,0.98,1,jev-1.13.0,322,25,1.3524e-05,200,2026-10-02T19:54:06.617619+00:00
E4,P011_V1,P011,paraphrase,A square has four equal sides.,Are all four sides of a square equal?,1,mathematics,easy,0.99,1,jev-1.13.0,314,25,1.3188e-05,200,2026-10-02T19:54:07.134828+00:00
E4,P011_V2,P011,question_form,A square has four equal sides.,Is it true that a square has four equal sides?,1,mathematics,easy,0.99,1,jev-1.13.0,316,25,1.3272000000000001e-05,200,2026-10-02T19:54:07.538937+00:00
E4,P011_V3,P011,state_rewrite,All four sides of a square are equal.,Does a square have four equal sides?,1,mathematics,easy,0.99,1,jev-1.13.0,315,25,1.323e-05,200,2026-10-02T19:54:07.947068+00:00
E4,P012_V1,P012,paraphrase,The number 17 is prime.,Does 17 qualify as a prime number?,1,mathematics,easy,0.99,1,jev-1.13.0,316,25,1.3272000000000001e-05,200,2026-10-02T19:54:08.474719+00:00
E4,P012_V2,P012,question_form,The number 17 is prime.,Is it true that 17 is prime?,1,mathematics,easy,0.99,1,jev-1.13.0,316,25,1.3272000000000001e-05,200,2026-10-02T19:54:08.986293+00:00
E4,P012_V3,P012,state_rewrite,17 is a prime number.,Is 17 a prime number?,1,mathematics,easy,0.99,1,jev-1.13.0,313,25,1.3146000000000001e-05,200,2026-10-02T19:54:09.388797+00:00
E4,P013_V1,P013,paraphrase,The derivative of x squared is 2x.,Does differentiating x squared give 2x?,1,mathematics,easy,0.99,1,jev-1.13.0,320,25,1.344e-05,200,2026-10-02T19:54:10.113789+00:00
E4,P013_V2,P013,question_form,The derivative of x squared is 2x.,Is it true that the derivative of x squared is 2x?,1,mathematics,easy,0.99,1,jev-1.13.0,322,25,1.3524e-05,200,2026-10-02T19:54:10.608861+00:00
E4,P013_V3,P013,state_rewrite,Differentiating x squared gives 2x.,Is the derivative of x squared equal to 2x?,1,mathematics,easy,0.99,1,jev-1.13.0,321,25,1.3481999999999999e-05,200,2026-10-02T19:54:11.062975+00:00
E4,P014_V1,P014,paraphrase,The sum of the angles in a Euclidean triangle is 180 degrees.,Do the interior angles of a Euclidean triangle total 180 degrees?,1,mathematics,easy,0.99,1,jev-1.13.0,333,25,1.3986e-05,200,2026-10-02T19:54:11.545093+00:00
E4,P014_V2,P014,question_form,The sum of the angles in a Euclidean triangle is 180 degrees.,Is it true that a Euclidean triangle has interior angles summing to 180 degrees?,1,mathematics,easy,0.99,1,jev-1.13.0,337,25,1.4154e-05,200,2026-10-02T19:54:12.059375+00:00
E4,P014_V3,P014,state_rewrite,"In Euclidean geometry, the interior angles of a triangle total 180 degrees.",Do the interior angles of a Euclidean triangle sum to 180 degrees?,1,mathematics,easy,0.99,1,jev-1.13.0,335,25,1.407e-05,200,2026-10-02T19:54:12.554246+00:00
E4,P015_V1,P015,paraphrase,Zero is an even integer.,Is zero an even number?,1,mathematics,medium,0.99,1,jev-1.13.0,310,25,1.302e-05,200,2026-10-02T19:54:13.065093+00:00
E4,P015_V2,P015,question_form,Zero is an even integer.,Is it true that zero is an even integer?,1,mathematics,medium,0.99,1,jev-1.13.0,314,25,1.3188e-05,200,2026-10-02T19:54:13.446958+00:00
E4,P015_V3,P015,state_rewrite,Zero belongs to the even integers.,Is zero an even integer?,1,mathematics,medium,0.99,1,jev-1.13.0,311,25,1.3062000000000001e-05,200,2026-10-02T19:54:14.311319+00:00
E4,P016_V1,P016,paraphrase,The square root of 144 is 12.,Is the principal square root of 144 equal to 12?,1,mathematics,easy,0.99,1,jev-1.13.0,327,25,1.3734000000000001e-05,200,2026-10-02T19:54:14.825266+00:00
E4,P016_V2,P016,question_form,The square root of 144 is 12.,Is it true that the principal square root of 144 is 12?,1,mathematics,easy,0.99,1,jev-1.13.0,329,25,1.3818e-05,200,2026-10-02T19:54:15.338145+00:00
E4,P016_V3,P016,state_rewrite,The principal square root of 144 is 12.,Is the principal square root of 144 equal to 12?,1,mathematics,easy,0.99,1,jev-1.13.0,328,25,1.3776000000000002e-05,200,2026-10-02T19:54:15.755321+00:00
E4,P017_V1,P017,paraphrase,A rectangle always has four right angles.,Does every rectangle have four right angles?,1,mathematics,easy,0.99,1,jev-1.13.0,314,25,1.3188e-05,200,2026-10-02T19:54:16.239856+00:00
E4,P017_V2,P017,question_form,A rectangle always has four right angles.,Is it true that every rectangle has four right angles?,1,mathematics,easy,0.98,1,jev-1.13.0,317,25,1.3314e-05,200,2026-10-02T19:54:16.750585+00:00
E4,P017_V3,P017,state_rewrite,Every rectangle has four right angles.,Does every rectangle have four right angles?,1,mathematics,easy,0.98,1,jev-1.13.0,313,25,1.3146000000000001e-05,200,2026-10-02T19:54:17.287479+00:00
E4,P018_V1,P018,paraphrase,The probability of obtaining heads from a fair coin on one toss is 0.5.,Is heads equally likely as tails on one toss of a fair coin?,1,mathematics,easy,0.99,1,jev-1.13.0,330,25,1.3860000000000001e-05,200,2026-10-02T19:54:17.785523+00:00
E4,P018_V2,P018,question_form,The probability of obtaining heads from a fair coin on one toss is 0.5.,Is it true that the probability of heads on one toss of a fair coin is 0.5?,1,mathematics,easy,0.99,1,jev-1.13.0,337,25,1.4154e-05,200,2026-10-02T19:54:18.198597+00:00
E4,P018_V3,P018,state_rewrite,A fair coin has a 0.5 probability of landing heads on a single toss.,Is the probability of heads on one toss of a fair coin 0.5?,1,mathematics,easy,0.99,1,jev-1.13.0,333,25,1.3986e-05,200,2026-10-02T19:54:18.568372+00:00
E4,P019_V1,P019,paraphrase,"If x is greater than 5, then x is greater than 3.","If x is greater than 5, is x also greater than 3?",1,mathematics,easy,0.99,1,jev-1.13.0,330,25,1.3860000000000001e-05,200,2026-10-02T19:54:18.930283+00:00
E4,P019_V2,P019,question_form,"If x is greater than 5, then x is greater than 3.","Is it true that if x is greater than 5, then x is greater than 3?",1,mathematics,easy,0.99,1,jev-1.13.0,334,25,1.4028e-05,200,2026-10-02T19:54:19.295150+00:00
E4,P019_V3,P019,state_rewrite,"Whenever x is greater than 5, x is also greater than 3.",Does x greater than 5 imply x greater than 3?,1,mathematics,easy,0.99,1,jev-1.13.0,327,25,1.3734000000000001e-05,200,2026-10-02T19:54:19.720962+00:00
E4,P020_V1,P020,paraphrase,"The sequence 2, 4, 8, 16 doubles at every step.",Is each term after the first twice the preceding term?,1,mathematics,medium,0.99,1,jev-1.13.0,328,25,1.3776000000000002e-05,200,2026-10-02T19:54:20.105905+00:00
E4,P020_V2,P020,question_form,"The sequence 2, 4, 8, 16 doubles at every step.",Is it true that every term after the first is double the previous term?,1,mathematics,medium,0.98,1,jev-1.13.0,332,25,1.3944e-05,200,2026-10-02T19:54:20.530517+00:00
E4,P020_V3,P020,state_rewrite,"Each term in the sequence 2, 4, 8, 16 is twice the preceding term.",Does each term after the first equal twice the previous term?,1,mathematics,medium,0.98,1,jev-1.13.0,333,25,1.3986e-05,200,2026-10-02T19:54:21.053015+00:00
E4,P021_V1,P021,paraphrase,Paris is the capital of France.,Is Paris the capital city of France?,1,general_knowledge,easy,0.99,1,jev-1.13.0,313,25,1.3146000000000001e-05,200,2026-10-02T19:54:21.497920+00:00
E4,P021_V2,P021,question_form,Paris is the capital of France.,Is it true that Paris is the capital of France?,1,general_knowledge,easy,0.99,1,jev-1.13.0,316,25,1.3272000000000001e-05,200,2026-10-02T19:54:21.880334+00:00
E4,P021_V3,P021,state_rewrite,France's capital city is Paris.,Is Paris the capital of France?,1,general_knowledge,easy,0.99,1,jev-1.13.0,312,25,1.3104e-05,200,2026-10-02T19:54:22.384249+00:00
E4,P022_V1,P022,paraphrase,The Pacific Ocean is larger than the Atlantic Ocean by surface area.,Does the Pacific Ocean have a greater surface area than the Atlantic Ocean?,1,general_knowledge,easy,0.98,1,jev-1.13.0,325,25,1.365e-05,200,2026-10-02T19:54:22.757359+00:00
E4,P022_V2,P022,question_form,The Pacific Ocean is larger than the Atlantic Ocean by surface area.,Is it true that the Pacific Ocean is larger than the Atlantic Ocean by surface area?,1,general_knowledge,easy,0.98,1,jev-1.13.0,328,25,1.3776000000000002e-05,200,2026-10-02T19:54:23.185855+00:00
E4,P022_V3,P022,state_rewrite,"By surface area, the Pacific Ocean is larger than the Atlantic Ocean.",Is the Pacific Ocean larger than the Atlantic Ocean?,1,general_knowledge,easy,0.98,1,jev-1.13.0,322,25,1.3524e-05,200,2026-10-02T19:54:23.612372+00:00
E4,P023_V1,P023,paraphrase,The human heart normally has four chambers.,Does the normal human heart contain four chambers?,1,general_knowledge,easy,0.99,1,jev-1.13.0,315,25,1.323e-05,200,2026-10-02T19:54:24.021416+00:00
E4,P023_V2,P023,question_form,The human heart normally has four chambers.,Is it true that the human heart normally has four chambers?,1,general_knowledge,easy,0.99,1,jev-1.13.0,318,25,1.3356e-05,200,2026-10-02T19:54:24.434162+00:00
E4,P023_V3,P023,state_rewrite,The normal human heart consists of four chambers.,Does the human heart normally have four chambers?,1,general_knowledge,easy,0.99,1,jev-1.13.0,316,25,1.3272000000000001e-05,200,2026-10-02T19:54:24.943116+00:00
E4,P024_V1,P024,paraphrase,A standard week contains seven days.,Are there seven days in a standard week?,1,general_knowledge,easy,0.99,1,jev-1.13.0,314,25,1.3188e-05,200,2026-10-02T19:54:25.352963+00:00
E4,P024_V2,P024,question_form,A standard week contains seven days.,Is it true that a standard week contains seven days?,1,general_knowledge,easy,0.99,1,jev-1.13.0,316,25,1.3272000000000001e-05,200,2026-10-02T19:54:25.763630+00:00
E4,P024_V3,P024,state_rewrite,A standard week consists of seven days.,Does a standard week contain seven days?,1,general_knowledge,easy,0.99,1,jev-1.13.0,314,25,1.3188e-05,200,2026-10-02T19:54:26.161062+00:00
E4,P025_V1,P025,paraphrase,India is located in South Asia.,Is India situated in South Asia?,1,general_knowledge,easy,0.99,1,jev-1.13.0,312,25,1.3104e-05,200,2026-10-02T19:54:26.569066+00:00
E4,P025_V2,P025,question_form,India is located in South Asia.,Is it true that India is located in South Asia?,1,general_knowledge,easy,0.99,1,jev-1.13.0,316,25,1.3272000000000001e-05,200,2026-10-02T19:54:26.990031+00:00
E4,P025_V3,P025,state_rewrite,India is in South Asia.,Is India located in South Asia?,1,general_knowledge,easy,0.99,1,jev-1.13.0,311,25,1.3062000000000001e-05,200,2026-10-02T19:54:27.401168+00:00
E4,P026_V1,P026,paraphrase,Water freezes at 0 degrees Celsius under standard atmospheric pressure.,Is the freezing point of water under standard atmospheric pressure 10 degrees Celsius?,0,science,easy,0.01,0,jev-1.13.0,326,25,1.3691999999999999e-05,200,2026-10-02T19:54:27.869882+00:00
E4,P026_V2,P026,question_form,Water freezes at 0 degrees Celsius under standard atmospheric pressure.,Is it true that water freezes at 10 degrees Celsius under standard atmospheric pressure?,0,science,easy,0.01,0,jev-1.13.0,327,25,1.3734000000000001e-05,200,2026-10-02T19:54:28.301770+00:00
E4,P026_V3,P026,state_rewrite,"At standard atmospheric pressure, water freezes at 0 degrees Celsius.",Does water freeze at 10 degrees Celsius under standard atmospheric pressure?,0,science,easy,0.02,0,jev-1.13.0,325,25,1.365e-05,200,2026-10-02T19:54:28.733409+00:00
E4,P027_V1,P027,paraphrase,"The Earth has one natural satellite, commonly called the Moon.",Does Earth have two natural satellites?,0,science,easy,0.02,0,jev-1.13.0,317,25,1.3314e-05,200,2026-10-02T19:54:29.160788+00:00
E4,P027_V2,P027,question_form,"The Earth has one natural satellite, commonly called the Moon.",Is it true that Earth has two natural satellites?,0,science,easy,0.03,0,jev-1.13.0,320,25,1.344e-05,200,2026-10-02T19:54:29.662443+00:00
E4,P027_V3,P027,state_rewrite,"The Earth has one natural satellite, the Moon.",Does the Earth have two natural satellites?,0,science,easy,0.02,0,jev-1.13.0,316,25,1.3272000000000001e-05,200,2026-10-02T19:54:30.166644+00:00
E4,P028_V1,P028,paraphrase,Gold has the chemical symbol Au.,Is Ag the chemical symbol for gold?,0,science,easy,0.02,0,jev-1.13.0,313,25,1.3146000000000001e-05,200,2026-10-02T19:54:30.576082+00:00
E4,P028_V2,P028,question_form,Gold has the chemical symbol Au.,Is it true that the chemical symbol for gold is Ag?,0,science,easy,0.01,0,jev-1.13.0,317,25,1.3314e-05,200,2026-10-02T19:54:30.960652+00:00
E4,P028_V3,P028,state_rewrite,The chemical symbol for gold is Au.,Is the chemical symbol for gold Ag?,0,science,easy,0.01,0,jev-1.13.0,314,25,1.3188e-05,200,2026-10-02T19:54:31.411241+00:00
E4,P029_V1,P029,paraphrase,"The speed of light in vacuum is approximately 300,000 kilometers per second.","Is the speed of light in a vacuum approximately 30,000 kilometers per second?",0,science,medium,0.01,0,jev-1.13.0,338,25,1.4196e-05,200,2026-10-02T19:54:31.919434+00:00
E4,P029_V2,P029,question_form,"The speed of light in vacuum is approximately 300,000 kilometers per second.","Is it true that light travels through a vacuum at approximately 30,000 kilometers per second?",0,science,medium,0.01,0,jev-1.13.0,340,25,1.4279999999999999e-05,200,2026-10-02T19:54:32.427968+00:00
E4,P029_V3,P029,state_rewrite,"Light travels through a vacuum at approximately 300,000 kilometers per second.","Is the speed of light in vacuum approximately 30,000 kilometers per second?",0,science,medium,0.01,0,jev-1.13.0,336,25,1.4112e-05,200,2026-10-02T19:54:32.937749+00:00
E4,P030_V1,P030,paraphrase,Humans require oxygen for normal aerobic respiration.,Do humans normally use carbon dioxide instead of oxygen for aerobic respiration?,0,science,medium,0.02,0,jev-1.13.0,324,25,1.3607999999999999e-05,200,2026-10-02T19:54:33.307035+00:00
E4,P030_V2,P030,question_form,Humans require oxygen for normal aerobic respiration.,Is it true that humans require carbon dioxide instead of oxygen for aerobic respiration?,0,science,medium,0.02,0,jev-1.13.0,326,25,1.3691999999999999e-05,200,2026-10-02T19:54:33.687631+00:00
E4,P030_V3,P030,state_rewrite,Humans need oxygen for normal aerobic respiration.,Do humans normally require carbon dioxide instead of oxygen for aerobic respiration?,0,science,medium,0.02,0,jev-1.13.0,324,25,1.3607999999999999e-05,200,2026-10-02T19:54:34.087090+00:00
E4,P031_V1,P031,paraphrase,A square has four equal sides.,Are exactly three sides of a square equal?,0,mathematics,easy,0.06,0,jev-1.13.0,314,25,1.3188e-05,200,2026-10-02T19:54:34.589455+00:00
E4,P031_V2,P031,question_form,A square has four equal sides.,Is it true that a square has three equal sides?,0,mathematics,easy,0.21,0,jev-1.13.0,316,25,1.3272000000000001e-05,200,2026-10-02T19:54:35.005016+00:00
E4,P031_V3,P031,state_rewrite,All four sides of a square are equal.,Does a square have three equal sides?,0,mathematics,easy,0.65,1,jev-1.13.0,315,25,1.323e-05,200,2026-10-02T19:54:35.433605+00:00
E4,P032_V1,P032,paraphrase,The number 17 is prime.,Does 17 qualify as an even number?,0,mathematics,easy,0.02,0,jev-1.13.0,316,25,1.3272000000000001e-05,200,2026-10-02T19:54:35.922289+00:00
E4,P032_V2,P032,question_form,The number 17 is prime.,Is it true that 17 is even?,0,mathematics,easy,0.01,0,jev-1.13.0,316,25,1.3272000000000001e-05,200,2026-10-02T19:54:36.300155+00:00
E4,P032_V3,P032,state_rewrite,The number 17 is prime.,Is 17 an even number?,0,mathematics,easy,0.02,0,jev-1.13.0,314,25,1.3188e-05,200,2026-10-02T19:54:36.672712+00:00
E4,P033_V1,P033,paraphrase,The derivative of x squared is 2x.,Is the derivative of x squared just x?,0,mathematics,easy,0.01,0,jev-1.13.0,317,25,1.3314e-05,200,2026-10-02T19:54:37.128638+00:00
E4,P033_V2,P033,question_form,The derivative of x squared is 2x.,Is it true that the derivative of x squared is x?,0,mathematics,easy,0.01,0,jev-1.13.0,320,25,1.344e-05,200,2026-10-02T19:54:37.538786+00:00
E4,P033_V3,P033,state_rewrite,The derivative of x squared is 2x.,Is the derivative of x squared equal to x?,0,mathematics,easy,0.01,0,jev-1.13.0,318,25,1.3356e-05,200,2026-10-02T19:54:37.904198+00:00
E4,P034_V1,P034,paraphrase,The sum of the angles in a Euclidean triangle is 180 degrees.,Is the sum of a Euclidean triangle's interior angles 90 degrees?,0,mathematics,easy,0.01,0,jev-1.13.0,333,25,1.3986e-05,200,2026-10-02T19:54:38.316874+00:00
E4,P034_V2,P034,question_form,The sum of the angles in a Euclidean triangle is 180 degrees.,Is it true that a Euclidean triangle's interior angles sum to 90 degrees?,0,mathematics,easy,0.01,0,jev-1.13.0,335,25,1.407e-05,200,2026-10-02T19:54:38.786606+00:00
E4,P034_V3,P034,state_rewrite,"In Euclidean geometry, the interior angles of a triangle total 180 degrees.",Do the interior angles of a Euclidean triangle sum to 90 degrees?,0,mathematics,easy,0.02,0,jev-1.13.0,334,25,1.4028e-05,200,2026-10-02T19:54:39.233532+00:00
E4,P035_V1,P035,paraphrase,Zero is an even integer.,Does zero belong to the odd integers?,0,mathematics,medium,0.02,0,jev-1.13.0,312,25,1.3104e-05,200,2026-10-02T19:54:39.652458+00:00
E4,P035_V2,P035,question_form,Zero is an even integer.,Is it true that zero is an odd integer?,0,mathematics,medium,0.02,0,jev-1.13.0,314,25,1.3188e-05,200,2026-10-02T19:54:40.049542+00:00
E4,P035_V3,P035,state_rewrite,Zero belongs to the even integers.,Is zero an odd integer?,0,mathematics,medium,0.02,0,jev-1.13.0,311,25,1.3062000000000001e-05,200,2026-10-02T19:54:40.508012+00:00
E4,P036_V1,P036,paraphrase,The square root of 144 is 12.,Does the principal square root of 144 equal 14?,0,mathematics,easy,0.01,0,jev-1.13.0,326,25,1.3691999999999999e-05,200,2026-10-02T19:54:41.020293+00:00
E4,P036_V2,P036,question_form,The square root of 144 is 12.,Is it true that the principal square root of 144 is 14?,0,mathematics,easy,0.01,0,jev-1.13.0,329,25,1.3818e-05,200,2026-10-02T19:54:41.430587+00:00
E4,P036_V3,P036,state_rewrite,The principal square root of 144 is 12.,Is the principal square root of 144 equal to 14?,0,mathematics,easy,0.01,0,jev-1.13.0,328,25,1.3776000000000002e-05,200,2026-10-02T19:54:41.839458+00:00
E4,P037_V1,P037,paraphrase,A rectangle always has four right angles.,Is it possible for a rectangle to contain five right angles?,0,mathematics,easy,0.04,0,jev-1.13.0,318,25,1.3356e-05,200,2026-10-02T19:54:42.250235+00:00
E4,P037_V2,P037,question_form,A rectangle always has four right angles.,Is it true that a rectangle can have five right angles?,0,mathematics,easy,0.02,0,jev-1.13.0,318,25,1.3356e-05,200,2026-10-02T19:54:42.615457+00:00
E4,P037_V3,P037,state_rewrite,Every rectangle has four right angles.,Can a rectangle have five right angles?,0,mathematics,easy,0.03,0,jev-1.13.0,313,25,1.3146000000000001e-05,200,2026-10-02T19:54:43.087475+00:00
E4,P038_V1,P038,paraphrase,The probability of obtaining heads from a fair coin on one toss is 0.5.,Can a fair coin have a 0.9 probability of heads on one toss?,0,mathematics,medium,0.02,0,jev-1.13.0,333,25,1.3986e-05,200,2026-10-02T19:54:43.563360+00:00
E4,P038_V2,P038,question_form,The probability of obtaining heads from a fair coin on one toss is 0.5.,Is it true that the probability of heads on one toss of a fair coin is 0.9?,0,mathematics,medium,0.01,0,jev-1.13.0,337,25,1.4154e-05,200,2026-10-02T19:54:44.042864+00:00
E4,P038_V3,P038,state_rewrite,A fair coin has a 0.5 probability of landing heads on a single toss.,Is the probability of heads on one toss of a fair coin 0.9?,0,mathematics,medium,0.01,0,jev-1.13.0,333,25,1.3986e-05,200,2026-10-02T19:54:44.442020+00:00
E4,P039_V1,P039,paraphrase,"If x is greater than 5, then x is greater than 3.","If x is greater than 5, could x be less than 3?",0,mathematics,easy,0.02,0,jev-1.13.0,330,25,1.3860000000000001e-05,200,2026-10-02T19:54:44.911269+00:00
E4,P039_V2,P039,question_form,"If x is greater than 5, then x is greater than 3.","Is it true that if x is greater than 5, then x is less than 3?",0,mathematics,easy,0.02,0,jev-1.13.0,334,25,1.4028e-05,200,2026-10-02T19:54:45.361763+00:00
E4,P039_V3,P039,state_rewrite,"Whenever x is greater than 5, x is also greater than 3.",Does x greater than 5 imply x is less than 3?,0,mathematics,easy,0.02,0,jev-1.13.0,328,25,1.3776000000000002e-05,200,2026-10-02T19:54:45.837750+00:00
E4,P040_V1,P040,paraphrase,"The sequence 2, 4, 8, 16 doubles at every step.",Is each term after the first one greater than the previous term by 1?,0,mathematics,easy,0.01,0,jev-1.13.0,333,25,1.3986e-05,200,2026-10-02T19:54:46.345156+00:00
E4,P040_V2,P040,question_form,"The sequence 2, 4, 8, 16 doubles at every step.",Is it true that each term after the first equals the previous term plus 1?,0,mathematics,easy,0.01,0,jev-1.13.0,334,25,1.4028e-05,200,2026-10-02T19:54:46.719629+00:00
E4,P040_V3,P040,state_rewrite,"Each term in the sequence 2, 4, 8, 16 is twice the preceding term.",Does each term after the first equal the previous term plus 1?,0,mathematics,easy,0.02,0,jev-1.13.0,335,25,1.407e-05,200,2026-10-02T19:54:47.106799+00:00
E4,P041_V1,P041,paraphrase,Paris is the capital of France.,Is Berlin the capital city of France?,0,general_knowledge,easy,0.01,0,jev-1.13.0,313,25,1.3146000000000001e-05,200,2026-10-02T19:54:47.493911+00:00
E4,P041_V2,P041,question_form,Paris is the capital of France.,Is it true that Berlin is the capital of France?,0,general_knowledge,easy,0.01,0,jev-1.13.0,316,25,1.3272000000000001e-05,200,2026-10-02T19:54:47.881192+00:00
E4,P041_V3,P041,state_rewrite,France's capital city is Paris.,Is Berlin the capital of France?,0,general_knowledge,easy,0.01,0,jev-1.13.0,312,25,1.3104e-05,200,2026-10-02T19:54:48.288290+00:00
E4,P042_V1,P042,paraphrase,The Pacific Ocean is larger than the Atlantic Ocean by surface area.,Does the Atlantic Ocean have a larger surface area than the Pacific Ocean?,0,general_knowledge,easy,0.02,0,jev-1.13.0,325,25,1.365e-05,200,2026-10-02T19:54:48.820937+00:00
E4,P042_V2,P042,question_form,The Pacific Ocean is larger than the Atlantic Ocean by surface area.,Is it true that the Atlantic Ocean is larger than the Pacific Ocean by surface area?,0,general_knowledge,easy,0.02,0,jev-1.13.0,328,25,1.3776000000000002e-05,200,2026-10-02T19:54:49.237694+00:00
E4,P042_V3,P042,state_rewrite,"By surface area, the Pacific Ocean is larger than the Atlantic Ocean.",Is the Atlantic Ocean larger than the Pacific Ocean?,0,general_knowledge,easy,0.02,0,jev-1.13.0,322,25,1.3524e-05,200,2026-10-02T19:54:49.683620+00:00
E4,P043_V1,P043,paraphrase,The human heart normally has four chambers.,Does the normal human heart contain two chambers?,0,general_knowledge,easy,0.02,0,jev-1.13.0,315,25,1.323e-05,200,2026-10-02T19:54:50.158020+00:00
E4,P043_V2,P043,question_form,The human heart normally has four chambers.,Is it true that the human heart normally has two chambers?,0,general_knowledge,easy,0.01,0,jev-1.13.0,318,25,1.3356e-05,200,2026-10-02T19:54:50.652760+00:00
E4,P043_V3,P043,state_rewrite,The normal human heart consists of four chambers.,Does the human heart normally have two chambers?,0,general_knowledge,easy,0.02,0,jev-1.13.0,316,25,1.3272000000000001e-05,200,2026-10-02T19:54:51.157551+00:00
E4,P044_V1,P044,paraphrase,A standard week contains seven days.,Are there ten days in a standard week?,0,general_knowledge,easy,0.01,0,jev-1.13.0,314,25,1.3188e-05,200,2026-10-02T19:54:51.573624+00:00
E4,P044_V2,P044,question_form,A standard week contains seven days.,Is it true that a standard week contains ten days?,0,general_knowledge,easy,0.01,0,jev-1.13.0,316,25,1.3272000000000001e-05,200,2026-10-02T19:54:51.953544+00:00
E4,P044_V3,P044,state_rewrite,A standard week consists of seven days.,Does a standard week contain ten days?,0,general_knowledge,easy,0.01,0,jev-1.13.0,314,25,1.3188e-05,200,2026-10-02T19:54:52.373888+00:00
E4,P045_V1,P045,paraphrase,India is located in South Asia.,Is India situated in South America?,0,general_knowledge,easy,0.01,0,jev-1.13.0,312,25,1.3104e-05,200,2026-10-02T19:54:52.793131+00:00
E4,P045_V2,P045,question_form,India is located in South Asia.,Is it true that India is located in South America?,0,general_knowledge,easy,0.01,0,jev-1.13.0,316,25,1.3272000000000001e-05,200,2026-10-02T19:54:53.328080+00:00
E4,P045_V3,P045,state_rewrite,India is in South Asia.,Is India located in South America?,0,general_knowledge,easy,0.01,0,jev-1.13.0,311,25,1.3062000000000001e-05,200,2026-10-02T19:54:53.753789+00:00
E4,P046_V1,P046,paraphrase,A student scored 8 out of 10 questions correctly on a test.,Did the student achieve exactly 90 percent on the test?,0,reasoning,medium,0.01,0,jev-1.13.0,327,25,1.3734000000000001e-05,200,2026-10-02T19:54:54.172551+00:00
E4,P046_V2,P046,question_form,A student scored 8 out of 10 questions correctly on a test.,Is it true that the student scored exactly 90 percent on the test?,0,reasoning,medium,0.01,0,jev-1.13.0,330,25,1.3860000000000001e-05,200,2026-10-02T19:54:54.659831+00:00
E4,P046_V3,P046,state_rewrite,A student answered 8 of 10 test questions correctly.,Did the student score exactly 90 percent on the test?,0,reasoning,medium,0.01,0,jev-1.13.0,324,25,1.3607999999999999e-05,200,2026-10-02T19:54:55.151651+00:00
E4,P047_V1,P047,paraphrase,A box contains 3 red balls and 2 blue balls.,Do the blue balls outnumber the red balls?,0,reasoning,easy,0.02,0,jev-1.13.0,322,25,1.3524e-05,200,2026-10-02T19:54:55.560754+00:00
E4,P047_V2,P047,question_form,A box contains 3 red balls and 2 blue balls.,Is it true that there are more blue balls than red balls?,0,reasoning,easy,0.02,0,jev-1.13.0,324,25,1.3607999999999999e-05,200,2026-10-02T19:54:56.092383+00:00
E4,P047_V3,P047,state_rewrite,The box contains three red balls and two blue balls.,Are there more blue balls than red balls?,0,reasoning,easy,0.02,0,jev-1.13.0,318,25,1.3356e-05,200,2026-10-02T19:54:56.515740+00:00
E4,P048_V1,P048,paraphrase,A train leaves at 10:00 and arrives at 12:00.,Was the train's journey exactly three hours long?,0,reasoning,easy,0.01,0,jev-1.13.0,328,25,1.3776000000000002e-05,200,2026-10-02T19:54:57.013875+00:00
E4,P048_V2,P048,question_form,A train leaves at 10:00 and arrives at 12:00.,Is it true that the train traveled for exactly three hours?,0,reasoning,easy,0.02,0,jev-1.13.0,330,25,1.3860000000000001e-05,200,2026-10-02T19:54:57.526055+00:00
E4,P048_V3,P048,state_rewrite,The train departs at 10:00 and arrives at 12:00.,Did the train travel for exactly three hours?,0,reasoning,easy,0.02,0,jev-1.13.0,328,25,1.3776000000000002e-05,200,2026-10-02T19:54:58.139999+00:00
E4,P049_V1,P049,paraphrase,A library has 120 books and removes 20 books.,Are 120 books still left in the library?,0,reasoning,easy,0.02,0,jev-1.13.0,325,25,1.365e-05,200,2026-10-02T19:54:58.638808+00:00
E4,P049_V2,P049,question_form,A library has 120 books and removes 20 books.,Is it true that the library has 120 books remaining?,0,reasoning,easy,0.01,0,jev-1.13.0,327,25,1.3734000000000001e-05,200,2026-10-02T19:54:59.042987+00:00
E4,P049_V3,P049,state_rewrite,The library initially has 120 books and removes 20 of them.,Does the library have 120 books remaining?,0,reasoning,easy,0.02,0,jev-1.13.0,326,25,1.3691999999999999e-05,200,2026-10-02T19:54:59.453473+00:00
E4,P050_V1,P050,paraphrase,A shop has 50 units of an item and sells 15 units.,Are more than 40 units of the item still left?,0,reasoning,easy,0.05,0,jev-1.13.0,328,25,1.3776000000000002e-05,200,2026-10-02T19:54:59.862258+00:00
E4,P050_V2,P050,question_form,A shop has 50 units of an item and sells 15 units.,Is it true that the shop has more than 40 units remaining?,0,reasoning,easy,0.04,0,jev-1.13.0,330,25,1.3860000000000001e-05,200,2026-10-02T19:55:00.319548+00:00
E4,P050_V3,P050,state_rewrite,The shop starts with 50 units of the item and sells 15 units.,Does the shop have more than 40 units remaining?,0,reasoning,easy,0.04,0,jev-1.13.0,328,25,1.3776000000000002e-05,200,2026-10-02T19:55:00.716581+00:00
