id,domain,state,question,label,probability,prediction,correct,uncertainty,input_tokens,output_tokens,model
E4CH_M01,mathematics,The equation 3x + 7 = 25 has a real solution x = 6.,Is x = 6 the solution?,1,0.99,1,1,0.020000000000000018,331,20,jev-1.13.0
E4CH_M02,mathematics,A rectangle has length 12 cm and width 5 cm. Its area is 50 square centimeters.,Is the area 50 square centimeters?,0,0.04,0,1,0.08,338,20,jev-1.13.0
E4CH_M03,mathematics,A number is divisible by 6. Every number divisible by 6 is divisible by 3.,Must the number be divisible by 3?,1,0.98,1,1,0.040000000000000036,331,20,jev-1.13.0
E4CH_M04,mathematics,"The average of five numbers is 18. Four of the numbers are 12, 16, 20, and 22.",Is the fifth number 20?,1,0.95,1,1,0.10000000000000009,342,20,jev-1.13.0
E4CH_M05,mathematics,A triangle has angles of 35 degrees and 65 degrees.,Is the third angle 80 degrees?,1,1.0,1,1,0.0,326,20,jev-1.13.0
E4CH_M06,mathematics,"For a positive number x, x^2 = 49.",Must x equal 7?,1,0.98,1,1,0.040000000000000036,322,20,jev-1.13.0
E4CH_M07,mathematics,A fair six-sided die is rolled twice.,Is the probability of obtaining two sixes exactly 1/36?,1,0.98,1,1,0.040000000000000036,326,20,jev-1.13.0
E4CH_M08,mathematics,A bag contains 4 red balls and 6 blue balls. One ball is selected uniformly at random.,Is the probability of selecting a red ball 2/5?,1,0.98,1,1,0.040000000000000036,336,20,jev-1.13.0
E4CH_M09,mathematics,A sequence is defined by a_n = 2n + 3.,Is a_10 equal to 23?,1,1.0,1,1,0.0,328,20,jev-1.13.0
E4CH_M10,mathematics,The function f(x) = x^2 is evaluated at x = -4.,Is f(-4) equal to -16?,0,0.03,0,1,0.06,330,20,jev-1.13.0
E4CH_M11,mathematics,A class contains 30 students. 18 students study mathematics and 15 study physics. There are 5 students who study both.,Are there exactly 28 students who study at least one of the two subjects?,1,0.98,1,1,0.040000000000000036,349,20,jev-1.13.0
E4CH_M12,mathematics,A price is increased by 20% and then decreased by 20%.,Is the final price equal to the original price?,0,0.05,0,1,0.1,329,20,jev-1.13.0
E4CH_M13,mathematics,The equation x^2 - 5x + 6 = 0 has roots 2 and 3.,Are 2 and 3 both solutions of the equation?,1,0.98,1,1,0.040000000000000036,337,20,jev-1.13.0
E4CH_M14,mathematics,A right triangle has legs of length 6 and 8.,Is its hypotenuse 10?,1,0.99,1,1,0.020000000000000018,324,20,jev-1.13.0
E4CH_M15,mathematics,"For x > 0, log_10(x) = 2.",Is x equal to 100?,1,0.99,1,1,0.020000000000000018,327,20,jev-1.13.0
E4CH_M16,mathematics,A set contains 5 distinct elements.,Does its power set contain exactly 10 elements?,0,0.02,0,1,0.04,321,20,jev-1.13.0
E4CH_M17,mathematics,The determinant of a 2x2 matrix is zero.,Must the matrix be invertible?,0,0.03,0,1,0.06,322,20,jev-1.13.0
E4CH_M18,mathematics,"For every real number x, x^2 is nonnegative.",Can x^2 ever be negative?,0,0.05,0,1,0.1,324,20,jev-1.13.0
E4CH_M19,mathematics,A fair coin is tossed three times.,Is the probability of getting exactly two heads equal to 3/8?,1,0.98,1,1,0.040000000000000036,325,20,jev-1.13.0
E4CH_M20,mathematics,A population doubles every 5 years. Its initial size is 200.,"After 10 years, is the population 800?",1,0.98,1,1,0.040000000000000036,333,20,jev-1.13.0
E4CH_P01,probability,"A box contains 3 red, 4 blue, and 5 green balls. Two balls are drawn without replacement.",Is the probability that both balls are red equal to 1/22?,1,0.64,1,1,0.72,342,20,jev-1.13.0
E4CH_P02,probability,A fair coin is tossed repeatedly.,Is the probability that the first two tosses are both heads equal to 1/4?,1,0.98,1,1,0.040000000000000036,328,20,jev-1.13.0
E4CH_P03,probability,"A test has 4 independent questions, each with probability 1/2 of being answered correctly.",Is the expected number of correct answers 2?,1,0.99,1,1,0.020000000000000018,332,20,jev-1.13.0
E4CH_P04,probability,A random variable X takes values 0 and 2 with equal probability.,Is the expected value of X equal to 1?,1,0.98,1,1,0.040000000000000036,328,20,jev-1.13.0
E4CH_P05,probability,A population has 40% individuals with property A and 30% with property B. The events are mutually exclusive.,Is the probability of A or B equal to 70%?,1,0.98,1,1,0.040000000000000036,342,20,jev-1.13.0
E4CH_P06,probability,"Events A and B are independent, with P(A)=0.4 and P(B)=0.5.",Is P(A and B) equal to 0.9?,0,0.02,0,1,0.04,337,20,jev-1.13.0
E4CH_P07,probability,A fair die is rolled once.,Is the expected value of the outcome 3.5?,1,0.99,1,1,0.020000000000000018,321,20,jev-1.13.0
E4CH_P08,probability,A company has 60 employees. 40% work remotely.,Is the number of remote employees 24?,1,0.99,1,1,0.020000000000000018,327,20,jev-1.13.0
E4CH_P09,probability,A quantity increases from 80 to 100.,Is this an increase of exactly 20%?,0,0.67,1,0,0.6599999999999999,326,20,jev-1.13.0
E4CH_P10,probability,A quantity decreases from 100 to 80.,Is this a decrease of exactly 20%?,1,0.99,1,1,0.020000000000000018,326,20,jev-1.13.0
E4CH_P11,probability,A machine produces 2% defective items independently. Ten items are produced.,Is the expected number of defective items 0.2?,1,0.99,1,1,0.020000000000000018,329,20,jev-1.13.0
E4CH_P12,probability,A survey samples 100 people and 60 answer yes.,Does this prove that exactly 60% of the entire population would answer yes?,0,0.02,0,1,0.04,334,20,jev-1.13.0
E4CH_P13,probability,A fair six-sided die is rolled twice.,Is the probability that the sum is 7 equal to 1/6?,1,0.97,1,1,0.06000000000000005,327,20,jev-1.13.0
E4CH_P14,probability,"A bag contains 2 red and 8 blue balls. A ball is drawn, replaced, and another ball is drawn.",Are the two draws independent?,1,0.98,1,1,0.040000000000000036,333,20,jev-1.13.0
E4CH_P15,probability,"A probability model assigns probabilities 0.2, 0.3, and 0.4 to three mutually exclusive outcomes.",Can these three probabilities describe the complete probability distribution?,0,0.13,0,1,0.26,338,20,jev-1.13.0
E4CH_L01,formal_logic,Every A is a B. Every B is a C.,Must every A be a C?,1,0.98,1,1,0.040000000000000036,321,20,jev-1.13.0
E4CH_L02,formal_logic,Every A is a B. Some B are not C.,Must some A be not C?,0,0.09,0,1,0.18,321,20,jev-1.13.0
E4CH_L03,formal_logic,No A is a B. x is an A.,Can x also be a B?,0,0.03,0,1,0.06,320,20,jev-1.13.0
E4CH_L04,formal_logic,"If a number is divisible by 4, then it is even. The number n is not even.",Can n be divisible by 4?,0,0.05,0,1,0.1,331,20,jev-1.13.0
E4CH_L05,formal_logic,If P then Q. Q is true.,Must P be true?,0,0.06,0,1,0.12,316,20,jev-1.13.0
E4CH_L06,formal_logic,If P then Q. P is false.,Must Q be false?,0,0.06,0,1,0.12,316,20,jev-1.13.0
E4CH_L07,formal_logic,If P then Q. Q is false.,Must P be false?,1,0.96,1,1,0.08000000000000007,316,20,jev-1.13.0
E4CH_L08,formal_logic,If P then Q. P is true.,Must Q be true?,1,0.97,1,1,0.06000000000000005,316,20,jev-1.13.0
E4CH_L09,formal_logic,All engineers in a group know Python. Ravi is an engineer in the group.,Must Ravi know Python?,1,0.98,1,1,0.040000000000000036,325,20,jev-1.13.0
E4CH_L10,formal_logic,Some students study mathematics. Every mathematics student studies algebra.,Must at least one student study algebra?,1,0.57,1,1,0.8600000000000001,321,20,jev-1.13.0
E4CH_L11,formal_logic,No mammals lay eggs. The platypus is a mammal.,Must the platypus not lay eggs?,1,0.77,1,1,0.45999999999999996,325,20,jev-1.13.0
E4CH_L12,formal_logic,Every red object is heavy. An object is not heavy.,Must the object not be red?,1,0.97,1,1,0.06000000000000005,321,20,jev-1.13.0
E4CH_L13,formal_logic,Some A are B. Some B are C.,Must some A also be C?,0,0.08,0,1,0.16,319,20,jev-1.13.0
E4CH_L14,formal_logic,Every A is B. No B is C.,Can an object be both A and C?,0,0.05,0,1,0.1,321,20,jev-1.13.0
E4CH_L15,formal_logic,"If the server is online, the website responds. The website does not respond.",Must the server be offline?,1,0.78,1,1,0.43999999999999995,324,20,jev-1.13.0
E4CH_S01,science_reasoning,"At constant pressure, an ideal gas is heated from 300 K to 600 K.",Does its volume double according to Charles's law?,1,0.97,1,1,0.06000000000000005,334,20,jev-1.13.0
E4CH_S02,science_reasoning,An object moves at constant velocity for 10 seconds.,Is its acceleration zero during this interval?,1,0.98,1,1,0.040000000000000036,322,20,jev-1.13.0
E4CH_S03,science_reasoning,A closed system receives 500 J of heat and performs 200 J of work.,Is its internal energy change 300 J under the convention ΔU = Q - W?,1,0.98,1,1,0.040000000000000036,343,20,jev-1.13.0
E4CH_S04,science_reasoning,A solution has pH 3.,Is it acidic?,1,0.99,1,1,0.020000000000000018,314,20,jev-1.13.0
E4CH_S05,science_reasoning,An object has mass 2 kg and acceleration 3 m/s^2.,Is the net force 6 N?,1,0.98,1,1,0.040000000000000036,326,20,jev-1.13.0
E4CH_S06,science_reasoning,Light travels from air into glass.,Does its frequency decrease because its speed decreases?,0,0.04,0,1,0.08,318,20,jev-1.13.0
E4CH_S07,science_reasoning,A reaction has a positive activation energy.,Does increasing temperature generally increase the fraction of molecules with energy above the activation barrier?,1,0.98,1,1,0.040000000000000036,326,20,jev-1.13.0
E4CH_S08,science_reasoning,A neutral atom loses one electron.,Does it become a negatively charged ion?,0,0.03,0,1,0.06,317,20,jev-1.13.0
E4CH_S09,science_reasoning,"At constant temperature, the pressure of an ideal gas is inversely proportional to its volume.","If the volume doubles, does the pressure become half its original value?",1,0.97,1,1,0.06000000000000005,335,20,jev-1.13.0
E4CH_S10,science_reasoning,An isolated object experiences no net external force.,Must its momentum remain constant?,1,0.97,1,1,0.06000000000000005,317,20,jev-1.13.0
E4CH_S11,science_reasoning,A radioactive sample has a half-life of 10 years.,"After 20 years, is 25% of the original quantity expected to remain?",1,0.98,1,1,0.040000000000000036,334,20,jev-1.13.0
E4CH_S12,science_reasoning,Water is heated from 20°C to 80°C at constant pressure.,Does its temperature increase by 300°C?,0,0.01,0,1,0.02,330,20,jev-1.13.0
E4CH_S13,science_reasoning,A catalyst lowers the activation energy of both the forward and reverse reactions.,Does a catalyst change the equilibrium constant of the reaction?,0,0.07,0,1,0.14,327,20,jev-1.13.0
E4CH_S14,science_reasoning,An electron and a proton are placed in the same uniform electric field.,Do they experience electric forces in opposite directions?,1,0.98,1,1,0.040000000000000036,325,20,jev-1.13.0
E4CH_S15,science_reasoning,A metal wire is heated while its material remains unchanged.,Does its electrical resistance generally increase for an ordinary metal?,1,0.96,1,1,0.08000000000000007,324,20,jev-1.13.0
E4CH_D01,data_reasoning,"A dataset contains values 2, 4, 6, 8, and 10.",Is the mean equal to 6?,1,0.99,1,1,0.020000000000000018,331,20,jev-1.13.0
E4CH_D02,data_reasoning,"A dataset contains values 1, 1, 1, 9.",Is the median equal to 1?,1,0.92,1,1,0.15999999999999992,326,20,jev-1.13.0
E4CH_D03,data_reasoning,"A confusion matrix has TP=80, FP=20, FN=10, TN=90.",Is precision equal to 80%?,1,0.96,1,1,0.08000000000000007,335,20,jev-1.13.0
E4CH_D04,data_reasoning,A classifier has TP=80 and FN=20.,Is its recall 80%?,1,0.98,1,1,0.040000000000000036,323,20,jev-1.13.0
E4CH_D05,data_reasoning,A classifier has precision 1.0.,Does this necessarily mean its recall is also 1.0?,0,0.06,0,1,0.12,324,20,jev-1.13.0
E4CH_D06,data_reasoning,A dataset contains 90 negative examples and 10 positive examples.,Are the classes balanced?,0,0.03,0,1,0.06,322,20,jev-1.13.0
E4CH_D07,data_reasoning,A model correctly classifies 95 out of 100 examples.,Is its accuracy 95%?,1,0.98,1,1,0.040000000000000036,326,20,jev-1.13.0
E4CH_D08,data_reasoning,A correlation coefficient between X and Y is exactly zero.,Does this prove that X and Y are independent?,0,0.04,0,1,0.08,323,20,jev-1.13.0
E4CH_D09,data_reasoning,A scatter plot shows a perfect straight-line relationship with positive slope.,Is the Pearson correlation coefficient equal to 1?,1,0.98,1,1,0.040000000000000036,325,20,jev-1.13.0
E4CH_D10,data_reasoning,A sample has standard deviation zero.,Must every observation have the same value?,1,0.95,1,1,0.10000000000000009,317,20,jev-1.13.0
E4CH_D11,data_reasoning,"A confusion matrix has TP=50, FP=50, FN=0, TN=100.",Is recall equal to 100%?,1,0.97,1,1,0.06000000000000005,336,20,jev-1.13.0
E4CH_D12,data_reasoning,"A confusion matrix has TP=50, FP=50, FN=0, TN=100.",Is precision equal to 50%?,1,0.98,1,1,0.040000000000000036,335,20,jev-1.13.0
E4CH_D13,data_reasoning,A model's test accuracy is 99% on a dataset where 99% of examples belong to one class.,Does 99% accuracy alone establish that the model handles both classes well?,0,0.04,0,1,0.08,343,20,jev-1.13.0
E4CH_D14,data_reasoning,"Five measurements are 10, 10, 10, 10, and 20.",Is the median equal to 10?,1,0.99,1,1,0.020000000000000018,335,20,jev-1.13.0
E4CH_D15,data_reasoning,A dataset contains 100 observations. 25 are missing completely from the recorded table.,Does the recorded table contain 100 observed values?,0,0.07,0,1,0.14,334,20,jev-1.13.0
