counterfactual_id,original_id,domain,perturbation_type,label,probability,prediction,correct,input_tokens,output_tokens,original_probability,original_prediction,original_label,original_correct,delta_p,abs_delta_p,original_confidence,variant_confidence,confidence_loss,decision_changed,adversarial_error
E5_M01_V1,E5_M01,mathematics,negation,1,0.97,1,1,321,21,0.99,1,1,1,-0.020000000000000018,0.020000000000000018,0.99,0.97,0.020000000000000018,False,False
E5_M01_V2,E5_M01,mathematics,distractor,1,0.98,1,1,336,21,0.99,1,1,1,-0.010000000000000009,0.010000000000000009,0.99,0.98,0.010000000000000009,False,False
E5_M01_V3,E5_M01,mathematics,structural_complexity,1,0.98,1,1,336,21,0.99,1,1,1,-0.010000000000000009,0.010000000000000009,0.99,0.98,0.010000000000000009,False,False
E5_M02_V1,E5_M02,mathematics,negation,1,0.97,1,1,317,21,0.99,1,1,1,-0.020000000000000018,0.020000000000000018,0.99,0.97,0.020000000000000018,False,False
E5_M02_V2,E5_M02,mathematics,distractor,1,0.99,1,1,332,21,0.99,1,1,1,0.0,0.0,0.99,0.99,0.0,False,False
E5_M02_V3,E5_M02,mathematics,structural_complexity,1,0.98,1,1,331,21,0.99,1,1,1,-0.010000000000000009,0.010000000000000009,0.99,0.98,0.010000000000000009,False,False
E5_M03_V1,E5_M03,mathematics,negation,1,0.96,1,1,322,21,0.99,1,1,1,-0.030000000000000027,0.030000000000000027,0.99,0.96,0.030000000000000027,False,False
E5_M03_V2,E5_M03,mathematics,distractor,1,0.97,1,1,337,21,0.99,1,1,1,-0.020000000000000018,0.020000000000000018,0.99,0.97,0.020000000000000018,False,False
E5_M03_V3,E5_M03,mathematics,structural_complexity,1,0.91,1,1,341,21,0.99,1,1,1,-0.07999999999999996,0.07999999999999996,0.99,0.91,0.07999999999999996,False,False
E5_M04_V1,E5_M04,mathematics,negation,1,0.98,1,1,312,21,0.99,1,1,1,-0.010000000000000009,0.010000000000000009,0.99,0.98,0.010000000000000009,False,False
E5_M04_V2,E5_M04,mathematics,distractor,1,0.99,1,1,327,21,0.99,1,1,1,0.0,0.0,0.99,0.99,0.0,False,False
E5_M04_V3,E5_M04,mathematics,structural_complexity,1,0.98,1,1,322,21,0.99,1,1,1,-0.010000000000000009,0.010000000000000009,0.99,0.98,0.010000000000000009,False,False
E5_M05_V1,E5_M05,mathematics,negation,1,0.98,1,1,319,21,0.99,1,1,1,-0.010000000000000009,0.010000000000000009,0.99,0.98,0.010000000000000009,False,False
E5_M05_V2,E5_M05,mathematics,distractor,1,0.99,1,1,334,21,0.99,1,1,1,0.0,0.0,0.99,0.99,0.0,False,False
E5_M05_V3,E5_M05,mathematics,structural_complexity,1,0.99,1,1,339,21,0.99,1,1,1,0.0,0.0,0.99,0.99,0.0,False,False
E5_M06_V1,E5_M06,mathematics,negation,1,0.97,1,1,314,21,0.99,1,1,1,-0.020000000000000018,0.020000000000000018,0.99,0.97,0.020000000000000018,False,False
E5_M06_V2,E5_M06,mathematics,distractor,1,0.99,1,1,329,21,0.99,1,1,1,0.0,0.0,0.99,0.99,0.0,False,False
E5_M06_V3,E5_M06,mathematics,structural_complexity,1,0.99,1,1,328,21,0.99,1,1,1,0.0,0.0,0.99,0.99,0.0,False,False
E5_M07_V1,E5_M07,mathematics,negation,0,0.07,0,1,321,21,0.0,0,0,1,0.07,0.07,1.0,0.9299999999999999,0.07000000000000006,False,False
E5_M07_V2,E5_M07,mathematics,distractor,0,0.0,0,1,336,21,0.0,0,0,1,0.0,0.0,1.0,1.0,0.0,False,False
E5_M07_V3,E5_M07,mathematics,structural_complexity,0,0.02,0,1,331,21,0.0,0,0,1,0.02,0.02,1.0,0.98,0.020000000000000018,False,False
E5_M08_V1,E5_M08,mathematics,negation,0,0.1,0,1,316,21,0.01,0,0,1,0.09000000000000001,0.09000000000000001,0.99,0.9,0.08999999999999997,False,False
E5_M08_V2,E5_M08,mathematics,distractor,0,0.01,0,1,331,21,0.01,0,0,1,0.0,0.0,0.99,0.99,0.0,False,False
E5_M08_V3,E5_M08,mathematics,structural_complexity,0,0.02,0,1,327,21,0.01,0,0,1,0.01,0.01,0.99,0.98,0.010000000000000009,False,False
E5_M09_V1,E5_M09,mathematics,negation,0,0.19,0,1,322,21,0.06,0,0,1,0.13,0.13,0.94,0.81,0.1299999999999999,False,False
E5_M09_V2,E5_M09,mathematics,distractor,0,0.04,0,1,337,21,0.06,0,0,1,-0.019999999999999997,0.019999999999999997,0.94,0.96,-0.020000000000000018,False,False
E5_M09_V3,E5_M09,mathematics,structural_complexity,0,0.06,0,1,337,21,0.06,0,0,1,0.0,0.0,0.94,0.94,0.0,False,False
E5_M10_V1,E5_M10,mathematics,negation,0,0.05,0,1,313,21,0.01,0,0,1,0.04,0.04,0.99,0.95,0.040000000000000036,False,False
E5_M10_V2,E5_M10,mathematics,distractor,0,0.02,0,1,328,21,0.01,0,0,1,0.01,0.01,0.99,0.98,0.010000000000000009,False,False
E5_M10_V3,E5_M10,mathematics,structural_complexity,0,0.02,0,1,325,21,0.01,0,0,1,0.01,0.01,0.99,0.98,0.010000000000000009,False,False
E5_M11_V1,E5_M11,mathematics,negation,0,0.55,1,0,321,21,0.1,0,0,1,0.45000000000000007,0.45000000000000007,0.9,0.44999999999999996,0.45000000000000007,True,True
E5_M11_V2,E5_M11,mathematics,distractor,0,0.01,0,1,336,21,0.1,0,0,1,-0.09000000000000001,0.09000000000000001,0.9,0.99,-0.08999999999999997,False,False
E5_M11_V3,E5_M11,mathematics,structural_complexity,0,0.0,0,1,338,21,0.1,0,0,1,-0.1,0.1,0.9,1.0,-0.09999999999999998,False,False
E5_M12_V1,E5_M12,mathematics,negation,0,0.38,0,1,317,21,0.08,0,0,1,0.3,0.3,0.92,0.62,0.30000000000000004,False,False
E5_M12_V2,E5_M12,mathematics,distractor,0,0.09,0,1,332,21,0.08,0,0,1,0.009999999999999995,0.009999999999999995,0.92,0.91,0.010000000000000009,False,False
E5_M12_V3,E5_M12,mathematics,structural_complexity,0,0.08,0,1,328,21,0.08,0,0,1,0.0,0.0,0.92,0.92,0.0,False,False
E5_P01_V1,E5_P01,probability,negation,1,0.97,1,1,319,21,0.99,1,1,1,-0.020000000000000018,0.020000000000000018,0.99,0.97,0.020000000000000018,False,False
E5_P01_V2,E5_P01,probability,distractor,1,0.98,1,1,337,21,0.99,1,1,1,-0.010000000000000009,0.010000000000000009,0.99,0.98,0.010000000000000009,False,False
E5_P01_V3,E5_P01,probability,structural_complexity,1,0.98,1,1,331,21,0.99,1,1,1,-0.010000000000000009,0.010000000000000009,0.99,0.98,0.010000000000000009,False,False
E5_P02_V1,E5_P02,probability,negation,1,0.97,1,1,316,21,0.99,1,1,1,-0.020000000000000018,0.020000000000000018,0.99,0.97,0.020000000000000018,False,False
E5_P02_V2,E5_P02,probability,distractor,1,0.97,1,1,334,21,0.99,1,1,1,-0.020000000000000018,0.020000000000000018,0.99,0.97,0.020000000000000018,False,False
E5_P02_V3,E5_P02,probability,structural_complexity,1,0.98,1,1,326,21,0.99,1,1,1,-0.010000000000000009,0.010000000000000009,0.99,0.98,0.010000000000000009,False,False
E5_P03_V1,E5_P03,probability,negation,1,0.93,1,1,323,21,0.98,1,1,1,-0.04999999999999993,0.04999999999999993,0.98,0.93,0.04999999999999993,False,False
E5_P03_V2,E5_P03,probability,distractor,1,0.97,1,1,344,21,0.98,1,1,1,-0.010000000000000009,0.010000000000000009,0.98,0.97,0.010000000000000009,False,False
E5_P03_V3,E5_P03,probability,structural_complexity,1,0.96,1,1,335,21,0.98,1,1,1,-0.020000000000000018,0.020000000000000018,0.98,0.96,0.020000000000000018,False,False
E5_P04_V1,E5_P04,probability,negation,1,0.97,1,1,319,21,0.98,1,1,1,-0.010000000000000009,0.010000000000000009,0.98,0.97,0.010000000000000009,False,False
E5_P04_V2,E5_P04,probability,distractor,1,0.98,1,1,337,21,0.98,1,1,1,0.0,0.0,0.98,0.98,0.0,False,False
E5_P04_V3,E5_P04,probability,structural_complexity,1,0.98,1,1,327,21,0.98,1,1,1,0.0,0.0,0.98,0.98,0.0,False,False
E5_P05_V1,E5_P05,probability,negation,1,0.97,1,1,319,21,0.99,1,1,1,-0.020000000000000018,0.020000000000000018,0.99,0.97,0.020000000000000018,False,False
E5_P05_V2,E5_P05,probability,distractor,1,0.97,1,1,339,21,0.99,1,1,1,-0.020000000000000018,0.020000000000000018,0.99,0.97,0.020000000000000018,False,False
E5_P05_V3,E5_P05,probability,structural_complexity,1,0.98,1,1,327,21,0.99,1,1,1,-0.010000000000000009,0.010000000000000009,0.99,0.98,0.010000000000000009,False,False
E5_P06_V1,E5_P06,probability,negation,1,0.97,1,1,324,21,0.99,1,1,1,-0.020000000000000018,0.020000000000000018,0.99,0.97,0.020000000000000018,False,False
E5_P06_V2,E5_P06,probability,distractor,1,0.98,1,1,346,21,0.99,1,1,1,-0.010000000000000009,0.010000000000000009,0.99,0.98,0.010000000000000009,False,False
E5_P06_V3,E5_P06,probability,structural_complexity,1,0.99,1,1,341,21,0.99,1,1,1,0.0,0.0,0.99,0.99,0.0,False,False
E5_P07_V1,E5_P07,probability,negation,0,0.03,0,1,319,21,0.01,0,0,1,0.019999999999999997,0.019999999999999997,0.99,0.97,0.020000000000000018,False,False
E5_P07_V2,E5_P07,probability,distractor,0,0.02,0,1,337,21,0.01,0,0,1,0.01,0.01,0.99,0.98,0.010000000000000009,False,False
E5_P07_V3,E5_P07,probability,structural_complexity,0,0.02,0,1,325,21,0.01,0,0,1,0.01,0.01,0.99,0.98,0.010000000000000009,False,False
E5_P08_V1,E5_P08,probability,negation,0,0.06,0,1,316,21,0.01,0,0,1,0.049999999999999996,0.049999999999999996,0.99,0.94,0.050000000000000044,False,False
E5_P08_V2,E5_P08,probability,distractor,0,0.02,0,1,334,21,0.01,0,0,1,0.01,0.01,0.99,0.98,0.010000000000000009,False,False
E5_P08_V3,E5_P08,probability,structural_complexity,0,0.02,0,1,323,21,0.01,0,0,1,0.01,0.01,0.99,0.98,0.010000000000000009,False,False
E5_P09_V1,E5_P09,probability,negation,0,0.03,0,1,323,21,0.01,0,0,1,0.019999999999999997,0.019999999999999997,0.99,0.97,0.020000000000000018,False,False
E5_P09_V2,E5_P09,probability,distractor,0,0.02,0,1,341,21,0.01,0,0,1,0.01,0.01,0.99,0.98,0.010000000000000009,False,False
E5_P09_V3,E5_P09,probability,structural_complexity,0,0.02,0,1,333,21,0.01,0,0,1,0.01,0.01,0.99,0.98,0.010000000000000009,False,False
E5_P10_V1,E5_P10,probability,negation,0,0.06,0,1,319,21,0.02,0,0,1,0.039999999999999994,0.039999999999999994,0.98,0.94,0.040000000000000036,False,False
E5_P10_V2,E5_P10,probability,distractor,0,0.04,0,1,337,21,0.02,0,0,1,0.02,0.02,0.98,0.96,0.020000000000000018,False,False
E5_P10_V3,E5_P10,probability,structural_complexity,0,0.07,0,1,324,21,0.02,0,0,1,0.05,0.05,0.98,0.9299999999999999,0.050000000000000044,False,False
E5_P11_V1,E5_P11,probability,negation,0,0.14,0,1,319,21,0.05,0,0,1,0.09000000000000001,0.09000000000000001,0.95,0.86,0.08999999999999997,False,False
E5_P11_V2,E5_P11,probability,distractor,0,0.06,0,1,339,21,0.05,0,0,1,0.009999999999999995,0.009999999999999995,0.95,0.94,0.010000000000000009,False,False
E5_P11_V3,E5_P11,probability,structural_complexity,0,0.06,0,1,328,21,0.05,0,0,1,0.009999999999999995,0.009999999999999995,0.95,0.94,0.010000000000000009,False,False
E5_P12_V1,E5_P12,probability,negation,0,0.04,0,1,324,21,0.01,0,0,1,0.03,0.03,0.99,0.96,0.030000000000000027,False,False
E5_P12_V2,E5_P12,probability,distractor,0,0.02,0,1,342,21,0.01,0,0,1,0.01,0.01,0.99,0.98,0.010000000000000009,False,False
E5_P12_V3,E5_P12,probability,structural_complexity,0,0.02,0,1,338,21,0.01,0,0,1,0.01,0.01,0.99,0.98,0.010000000000000009,False,False
E5_L01_V1,E5_L01,formal_logic,negation,1,0.98,1,1,321,21,0.98,1,1,1,0.0,0.0,0.98,0.98,0.0,False,False
E5_L01_V2,E5_L01,formal_logic,distractor,1,0.98,1,1,331,21,0.98,1,1,1,0.0,0.0,0.98,0.98,0.0,False,False
E5_L01_V3,E5_L01,formal_logic,structural_complexity,1,0.98,1,1,338,21,0.98,1,1,1,0.0,0.0,0.98,0.98,0.0,False,False
E5_L02_V1,E5_L02,formal_logic,negation,1,0.97,1,1,321,21,0.98,1,1,1,-0.010000000000000009,0.010000000000000009,0.98,0.97,0.010000000000000009,False,False
E5_L02_V2,E5_L02,formal_logic,distractor,1,0.98,1,1,331,21,0.98,1,1,1,0.0,0.0,0.98,0.98,0.0,False,False
E5_L02_V3,E5_L02,formal_logic,structural_complexity,1,0.98,1,1,335,21,0.98,1,1,1,0.0,0.0,0.98,0.98,0.0,False,False
E5_L03_V1,E5_L03,formal_logic,negation,1,0.96,1,1,325,21,0.98,1,1,1,-0.020000000000000018,0.020000000000000018,0.98,0.96,0.020000000000000018,False,False
E5_L03_V2,E5_L03,formal_logic,distractor,1,0.98,1,1,335,21,0.98,1,1,1,0.0,0.0,0.98,0.98,0.0,False,False
E5_L03_V3,E5_L03,formal_logic,structural_complexity,1,0.98,1,1,336,21,0.98,1,1,1,0.0,0.0,0.98,0.98,0.0,False,False
E5_L04_V1,E5_L04,formal_logic,negation,1,0.96,1,1,321,21,0.97,1,1,1,-0.010000000000000009,0.010000000000000009,0.97,0.96,0.010000000000000009,False,False
E5_L04_V2,E5_L04,formal_logic,distractor,1,0.98,1,1,331,21,0.97,1,1,1,0.010000000000000009,0.010000000000000009,0.97,0.98,-0.010000000000000009,False,False
E5_L04_V3,E5_L04,formal_logic,structural_complexity,1,0.98,1,1,331,21,0.97,1,1,1,0.010000000000000009,0.010000000000000009,0.97,0.98,-0.010000000000000009,False,False
E5_L05_V1,E5_L05,formal_logic,negation,1,0.56,1,1,320,21,0.49,0,1,0,0.07000000000000006,0.07000000000000006,0.49,0.56,-0.07000000000000006,True,False
E5_L05_V2,E5_L05,formal_logic,distractor,1,0.85,1,1,330,21,0.49,0,1,0,0.36,0.36,0.49,0.85,-0.36,True,False
E5_L05_V3,E5_L05,formal_logic,structural_complexity,1,0.97,1,1,330,21,0.49,0,1,0,0.48,0.48,0.49,0.97,-0.48,True,False
E5_L06_V1,E5_L06,formal_logic,negation,1,0.97,1,1,320,21,0.98,1,1,1,-0.010000000000000009,0.010000000000000009,0.98,0.97,0.010000000000000009,False,False
E5_L06_V2,E5_L06,formal_logic,distractor,1,0.98,1,1,330,21,0.98,1,1,1,0.0,0.0,0.98,0.98,0.0,False,False
E5_L06_V3,E5_L06,formal_logic,structural_complexity,1,0.98,1,1,328,21,0.98,1,1,1,0.0,0.0,0.98,0.98,0.0,False,False
E5_L07_V1,E5_L07,formal_logic,negation,0,0.07,0,1,321,21,0.03,0,0,1,0.04000000000000001,0.04000000000000001,0.97,0.9299999999999999,0.040000000000000036,False,False
E5_L07_V2,E5_L07,formal_logic,distractor,0,0.04,0,1,331,21,0.03,0,0,1,0.010000000000000002,0.010000000000000002,0.97,0.96,0.010000000000000009,False,False
E5_L07_V3,E5_L07,formal_logic,structural_complexity,0,0.03,0,1,333,21,0.03,0,0,1,0.0,0.0,0.97,0.97,0.0,False,False
E5_L08_V1,E5_L08,formal_logic,negation,0,0.12,0,1,321,21,0.07,0,0,1,0.04999999999999999,0.04999999999999999,0.9299999999999999,0.88,0.04999999999999993,False,False
E5_L08_V2,E5_L08,formal_logic,distractor,0,0.06,0,1,331,21,0.07,0,0,1,-0.010000000000000009,0.010000000000000009,0.9299999999999999,0.94,-0.010000000000000009,False,False
E5_L08_V3,E5_L08,formal_logic,structural_complexity,0,0.06,0,1,331,21,0.07,0,0,1,-0.010000000000000009,0.010000000000000009,0.9299999999999999,0.94,-0.010000000000000009,False,False
E5_L09_V1,E5_L09,formal_logic,negation,0,0.04,0,1,320,21,0.02,0,0,1,0.02,0.02,0.98,0.96,0.020000000000000018,False,False
E5_L09_V2,E5_L09,formal_logic,distractor,0,0.04,0,1,330,21,0.02,0,0,1,0.02,0.02,0.98,0.96,0.020000000000000018,False,False
E5_L09_V3,E5_L09,formal_logic,structural_complexity,0,0.03,0,1,328,21,0.02,0,0,1,0.009999999999999998,0.009999999999999998,0.98,0.97,0.010000000000000009,False,False
E5_L10_V1,E5_L10,formal_logic,negation,0,0.11,0,1,318,21,0.07,0,0,1,0.039999999999999994,0.039999999999999994,0.9299999999999999,0.89,0.039999999999999925,False,False
E5_L10_V2,E5_L10,formal_logic,distractor,0,0.06,0,1,328,21,0.07,0,0,1,-0.010000000000000009,0.010000000000000009,0.9299999999999999,0.94,-0.010000000000000009,False,False
E5_L10_V3,E5_L10,formal_logic,structural_complexity,0,0.05,0,1,328,21,0.07,0,0,1,-0.020000000000000004,0.020000000000000004,0.9299999999999999,0.95,-0.020000000000000018,False,False
E5_L11_V1,E5_L11,formal_logic,negation,0,0.06,0,1,323,21,0.02,0,0,1,0.039999999999999994,0.039999999999999994,0.98,0.94,0.040000000000000036,False,False
E5_L11_V2,E5_L11,formal_logic,distractor,0,0.02,0,1,333,21,0.02,0,0,1,0.0,0.0,0.98,0.98,0.0,False,False
E5_L11_V3,E5_L11,formal_logic,structural_complexity,0,0.02,0,1,325,21,0.02,0,0,1,0.0,0.0,0.98,0.98,0.0,False,False
E5_L12_V1,E5_L12,formal_logic,negation,0,0.1,0,1,319,21,0.08,0,0,1,0.020000000000000004,0.020000000000000004,0.92,0.9,0.020000000000000018,False,False
E5_L12_V2,E5_L12,formal_logic,distractor,0,0.07,0,1,329,21,0.08,0,0,1,-0.009999999999999995,0.009999999999999995,0.92,0.9299999999999999,-0.009999999999999898,False,False
E5_L12_V3,E5_L12,formal_logic,structural_complexity,0,0.06,0,1,321,21,0.08,0,0,1,-0.020000000000000004,0.020000000000000004,0.92,0.94,-0.019999999999999907,False,False
E5_S01_V1,E5_S01,science_reasoning,negation,1,0.98,1,1,329,21,0.99,1,1,1,-0.010000000000000009,0.010000000000000009,0.99,0.98,0.010000000000000009,False,False
E5_S01_V2,E5_S01,science_reasoning,distractor,1,0.99,1,1,338,21,0.99,1,1,1,0.0,0.0,0.99,0.99,0.0,False,False
E5_S01_V3,E5_S01,science_reasoning,structural_complexity,1,0.98,1,1,340,21,0.99,1,1,1,-0.010000000000000009,0.010000000000000009,0.99,0.98,0.010000000000000009,False,False
E5_S02_V1,E5_S02,science_reasoning,negation,1,0.94,1,1,326,21,0.96,1,1,1,-0.020000000000000018,0.020000000000000018,0.96,0.94,0.020000000000000018,False,False
E5_S02_V2,E5_S02,science_reasoning,distractor,1,0.97,1,1,335,21,0.96,1,1,1,0.010000000000000009,0.010000000000000009,0.96,0.97,-0.010000000000000009,False,False
E5_S02_V3,E5_S02,science_reasoning,structural_complexity,1,0.97,1,1,331,21,0.96,1,1,1,0.010000000000000009,0.010000000000000009,0.96,0.97,-0.010000000000000009,False,False
E5_S03_V1,E5_S03,science_reasoning,negation,1,0.97,1,1,326,21,0.99,1,1,1,-0.020000000000000018,0.020000000000000018,0.99,0.97,0.020000000000000018,False,False
E5_S03_V2,E5_S03,science_reasoning,distractor,1,0.97,1,1,335,21,0.99,1,1,1,-0.020000000000000018,0.020000000000000018,0.99,0.97,0.020000000000000018,False,False
E5_S03_V3,E5_S03,science_reasoning,structural_complexity,1,0.99,1,1,339,21,0.99,1,1,1,0.0,0.0,0.99,0.99,0.0,False,False
E5_S04_V1,E5_S04,science_reasoning,negation,1,0.95,1,1,329,21,0.97,1,1,1,-0.020000000000000018,0.020000000000000018,0.97,0.95,0.020000000000000018,False,False
E5_S04_V2,E5_S04,science_reasoning,distractor,1,0.96,1,1,338,21,0.97,1,1,1,-0.010000000000000009,0.010000000000000009,0.97,0.96,0.010000000000000009,False,False
E5_S04_V3,E5_S04,science_reasoning,structural_complexity,1,0.97,1,1,348,21,0.97,1,1,1,0.0,0.0,0.97,0.97,0.0,False,False
E5_S05_V1,E5_S05,science_reasoning,negation,1,0.97,1,1,321,21,0.98,1,1,1,-0.010000000000000009,0.010000000000000009,0.98,0.97,0.010000000000000009,False,False
E5_S05_V2,E5_S05,science_reasoning,distractor,1,0.97,1,1,330,21,0.98,1,1,1,-0.010000000000000009,0.010000000000000009,0.98,0.97,0.010000000000000009,False,False
E5_S05_V3,E5_S05,science_reasoning,structural_complexity,1,0.95,1,1,324,21,0.98,1,1,1,-0.030000000000000027,0.030000000000000027,0.98,0.95,0.030000000000000027,False,False
E5_S06_V1,E5_S06,science_reasoning,negation,1,0.97,1,1,326,21,0.98,1,1,1,-0.010000000000000009,0.010000000000000009,0.98,0.97,0.010000000000000009,False,False
E5_S06_V2,E5_S06,science_reasoning,distractor,1,0.98,1,1,335,21,0.98,1,1,1,0.0,0.0,0.98,0.98,0.0,False,False
E5_S06_V3,E5_S06,science_reasoning,structural_complexity,1,0.99,1,1,340,21,0.98,1,1,1,0.010000000000000009,0.010000000000000009,0.98,0.99,-0.010000000000000009,False,False
E5_S07_V1,E5_S07,science_reasoning,negation,0,0.02,0,1,329,21,0.0,0,0,1,0.02,0.02,1.0,0.98,0.020000000000000018,False,False
E5_S07_V2,E5_S07,science_reasoning,distractor,0,0.0,0,1,338,21,0.0,0,0,1,0.0,0.0,1.0,1.0,0.0,False,False
E5_S07_V3,E5_S07,science_reasoning,structural_complexity,0,0.01,0,1,340,21,0.0,0,0,1,0.01,0.01,1.0,0.99,0.010000000000000009,False,False
E5_S08_V1,E5_S08,science_reasoning,negation,0,0.05,0,1,328,21,0.01,0,0,1,0.04,0.04,0.99,0.95,0.040000000000000036,False,False
E5_S08_V2,E5_S08,science_reasoning,distractor,0,0.02,0,1,337,21,0.01,0,0,1,0.01,0.01,0.99,0.98,0.010000000000000009,False,False
E5_S08_V3,E5_S08,science_reasoning,structural_complexity,0,0.01,0,1,328,21,0.01,0,0,1,0.0,0.0,0.99,0.99,0.0,False,False
E5_S09_V1,E5_S09,science_reasoning,negation,0,0.07,0,1,327,21,0.02,0,0,1,0.05,0.05,0.98,0.9299999999999999,0.050000000000000044,False,False
E5_S09_V2,E5_S09,science_reasoning,distractor,0,0.03,0,1,336,21,0.02,0,0,1,0.009999999999999998,0.009999999999999998,0.98,0.97,0.010000000000000009,False,False
E5_S09_V3,E5_S09,science_reasoning,structural_complexity,0,0.03,0,1,336,21,0.02,0,0,1,0.009999999999999998,0.009999999999999998,0.98,0.97,0.010000000000000009,False,False
E5_S10_V1,E5_S10,science_reasoning,negation,0,0.05,0,1,333,21,0.02,0,0,1,0.030000000000000002,0.030000000000000002,0.98,0.95,0.030000000000000027,False,False
E5_S10_V2,E5_S10,science_reasoning,distractor,0,0.03,0,1,342,21,0.02,0,0,1,0.009999999999999998,0.009999999999999998,0.98,0.97,0.010000000000000009,False,False
E5_S10_V3,E5_S10,science_reasoning,structural_complexity,0,0.03,0,1,350,21,0.02,0,0,1,0.009999999999999998,0.009999999999999998,0.98,0.97,0.010000000000000009,False,False
E5_S11_V1,E5_S11,science_reasoning,negation,0,0.38,0,1,326,21,0.02,0,0,1,0.36,0.36,0.98,0.62,0.36,False,False
E5_S11_V2,E5_S11,science_reasoning,distractor,0,0.01,0,1,335,21,0.02,0,0,1,-0.01,0.01,0.98,0.99,-0.010000000000000009,False,False
E5_S11_V3,E5_S11,science_reasoning,structural_complexity,0,0.02,0,1,337,21,0.02,0,0,1,0.0,0.0,0.98,0.98,0.0,False,False
E5_S12_V1,E5_S12,science_reasoning,negation,0,0.16,0,1,325,21,0.03,0,0,1,0.13,0.13,0.97,0.84,0.13,False,False
E5_S12_V2,E5_S12,science_reasoning,distractor,0,0.04,0,1,334,21,0.03,0,0,1,0.010000000000000002,0.010000000000000002,0.97,0.96,0.010000000000000009,False,False
E5_S12_V3,E5_S12,science_reasoning,structural_complexity,0,0.05,0,1,327,21,0.03,0,0,1,0.020000000000000004,0.020000000000000004,0.97,0.95,0.020000000000000018,False,False
E5_D01_V1,E5_D01,data_reasoning,negation,1,0.97,1,1,324,21,0.98,1,1,1,-0.010000000000000009,0.010000000000000009,0.98,0.97,0.010000000000000009,False,False
E5_D01_V2,E5_D01,data_reasoning,distractor,1,0.95,1,1,336,21,0.98,1,1,1,-0.030000000000000027,0.030000000000000027,0.98,0.95,0.030000000000000027,False,False
E5_D01_V3,E5_D01,data_reasoning,structural_complexity,1,0.98,1,1,332,21,0.98,1,1,1,0.0,0.0,0.98,0.98,0.0,False,False
E5_D02_V1,E5_D02,data_reasoning,negation,1,0.97,1,1,323,21,0.99,1,1,1,-0.020000000000000018,0.020000000000000018,0.99,0.97,0.020000000000000018,False,False
E5_D02_V2,E5_D02,data_reasoning,distractor,1,0.97,1,1,335,21,0.99,1,1,1,-0.020000000000000018,0.020000000000000018,0.99,0.97,0.020000000000000018,False,False
E5_D02_V3,E5_D02,data_reasoning,structural_complexity,1,0.96,1,1,329,21,0.99,1,1,1,-0.030000000000000027,0.030000000000000027,0.99,0.96,0.030000000000000027,False,False
E5_D03_V1,E5_D03,data_reasoning,negation,1,0.97,1,1,324,21,0.98,1,1,1,-0.010000000000000009,0.010000000000000009,0.98,0.97,0.010000000000000009,False,False
E5_D03_V2,E5_D03,data_reasoning,distractor,1,0.97,1,1,336,21,0.98,1,1,1,-0.010000000000000009,0.010000000000000009,0.98,0.97,0.010000000000000009,False,False
E5_D03_V3,E5_D03,data_reasoning,structural_complexity,1,0.97,1,1,330,21,0.98,1,1,1,-0.010000000000000009,0.010000000000000009,0.98,0.97,0.010000000000000009,False,False
E5_D04_V1,E5_D04,data_reasoning,negation,1,0.97,1,1,323,21,0.99,1,1,1,-0.020000000000000018,0.020000000000000018,0.99,0.97,0.020000000000000018,False,False
E5_D04_V2,E5_D04,data_reasoning,distractor,1,0.98,1,1,335,21,0.99,1,1,1,-0.010000000000000009,0.010000000000000009,0.99,0.98,0.010000000000000009,False,False
E5_D04_V3,E5_D04,data_reasoning,structural_complexity,1,0.97,1,1,333,21,0.99,1,1,1,-0.020000000000000018,0.020000000000000018,0.99,0.97,0.020000000000000018,False,False
E5_D05_V1,E5_D05,data_reasoning,negation,1,0.98,1,1,328,21,0.99,1,1,1,-0.010000000000000009,0.010000000000000009,0.99,0.98,0.010000000000000009,False,False
E5_D05_V2,E5_D05,data_reasoning,distractor,1,0.98,1,1,340,21,0.99,1,1,1,-0.010000000000000009,0.010000000000000009,0.99,0.98,0.010000000000000009,False,False
E5_D05_V3,E5_D05,data_reasoning,structural_complexity,1,0.99,1,1,348,21,0.99,1,1,1,0.0,0.0,0.99,0.99,0.0,False,False
E5_D06_V1,E5_D06,data_reasoning,negation,1,0.98,1,1,323,21,0.99,1,1,1,-0.010000000000000009,0.010000000000000009,0.99,0.98,0.010000000000000009,False,False
E5_D06_V2,E5_D06,data_reasoning,distractor,1,0.99,1,1,335,21,0.99,1,1,1,0.0,0.0,0.99,0.99,0.0,False,False
E5_D06_V3,E5_D06,data_reasoning,structural_complexity,1,0.99,1,1,334,21,0.99,1,1,1,0.0,0.0,0.99,0.99,0.0,False,False
E5_D07_V1,E5_D07,data_reasoning,negation,0,0.05,0,1,324,21,0.01,0,0,1,0.04,0.04,0.99,0.95,0.040000000000000036,False,False
E5_D07_V2,E5_D07,data_reasoning,distractor,0,0.02,0,1,336,21,0.01,0,0,1,0.01,0.01,0.99,0.98,0.010000000000000009,False,False
E5_D07_V3,E5_D07,data_reasoning,structural_complexity,0,0.02,0,1,331,21,0.01,0,0,1,0.01,0.01,0.99,0.98,0.010000000000000009,False,False
E5_D08_V1,E5_D08,data_reasoning,negation,0,0.15,0,1,323,21,0.11,0,0,1,0.039999999999999994,0.039999999999999994,0.89,0.85,0.040000000000000036,False,False
E5_D08_V2,E5_D08,data_reasoning,distractor,0,0.23,0,1,335,21,0.11,0,0,1,0.12000000000000001,0.12000000000000001,0.89,0.77,0.12,False,False
E5_D08_V3,E5_D08,data_reasoning,structural_complexity,0,0.1,0,1,328,21,0.11,0,0,1,-0.009999999999999995,0.009999999999999995,0.89,0.9,-0.010000000000000009,False,False
E5_D09_V1,E5_D09,data_reasoning,negation,0,0.04,0,1,324,21,0.02,0,0,1,0.02,0.02,0.98,0.96,0.020000000000000018,False,False
E5_D09_V2,E5_D09,data_reasoning,distractor,0,0.04,0,1,336,21,0.02,0,0,1,0.02,0.02,0.98,0.96,0.020000000000000018,False,False
E5_D09_V3,E5_D09,data_reasoning,structural_complexity,0,0.03,0,1,329,21,0.02,0,0,1,0.009999999999999998,0.009999999999999998,0.98,0.97,0.010000000000000009,False,False
E5_D10_V1,E5_D10,data_reasoning,negation,0,0.06,0,1,323,21,0.01,0,0,1,0.049999999999999996,0.049999999999999996,0.99,0.94,0.050000000000000044,False,False
E5_D10_V2,E5_D10,data_reasoning,distractor,0,0.02,0,1,335,21,0.01,0,0,1,0.01,0.01,0.99,0.98,0.010000000000000009,False,False
E5_D10_V3,E5_D10,data_reasoning,structural_complexity,0,0.02,0,1,329,21,0.01,0,0,1,0.01,0.01,0.99,0.98,0.010000000000000009,False,False
E5_D11_V1,E5_D11,data_reasoning,negation,0,0.06,0,1,329,21,0.01,0,0,1,0.049999999999999996,0.049999999999999996,0.99,0.94,0.050000000000000044,False,False
E5_D11_V2,E5_D11,data_reasoning,distractor,0,0.14,0,1,341,21,0.01,0,0,1,0.13,0.13,0.99,0.86,0.13,False,False
E5_D11_V3,E5_D11,data_reasoning,structural_complexity,0,0.01,0,1,340,21,0.01,0,0,1,0.0,0.0,0.99,0.99,0.0,False,False
E5_D12_V1,E5_D12,data_reasoning,negation,0,0.71,1,0,324,21,0.41,0,0,1,0.3,0.3,0.5900000000000001,0.29000000000000004,0.30000000000000004,True,True
E5_D12_V2,E5_D12,data_reasoning,distractor,0,0.17,0,1,336,21,0.41,0,0,1,-0.23999999999999996,0.23999999999999996,0.5900000000000001,0.83,-0.23999999999999988,False,False
E5_D12_V3,E5_D12,data_reasoning,structural_complexity,0,0.63,1,0,334,21,0.41,0,0,1,0.22000000000000003,0.22000000000000003,0.5900000000000001,0.37,0.22000000000000008,True,True
