original_id,domain,state,question,label,probability,prediction,correct,input_tokens,output_tokens
E5_M01,mathematics,A rectangle has length 8 cm and width 5 cm.,Is its area 40 square centimeters?,1,0.99,1,1,290,21
E5_M02,mathematics,A number x satisfies x + 7 = 12.,Is x equal to 5?,1,0.99,1,1,286,21
E5_M03,mathematics,A triangle has base 10 cm and height 6 cm.,Is its area 30 square centimeters?,1,0.99,1,1,291,21
E5_M04,mathematics,A circle has radius 3 cm.,Is its diameter 6 cm?,1,0.99,1,1,281,21
E5_M05,mathematics,"The average of 4, 8, and 12 is calculated.",Is the average 8?,1,0.99,1,1,288,21
E5_M06,mathematics,A square has side length 7 cm.,Is its perimeter 28 cm?,1,0.99,1,1,283,21
E5_M07,mathematics,A rectangle has length 9 cm and width 4 cm.,Is its area 45 square centimeters?,0,0.0,0,1,290,21
E5_M08,mathematics,A number x satisfies 2x = 18.,Is x equal to 8?,0,0.01,0,1,285,21
E5_M09,mathematics,A triangle has base 12 cm and height 5 cm.,Is its area 60 square centimeters?,0,0.06,0,1,291,21
E5_M10,mathematics,A circle has radius 4 cm.,Is its diameter 10 cm?,0,0.01,0,1,282,21
E5_M11,mathematics,"The average of 6, 10, and 14 is calculated.",Is the average 12?,0,0.1,0,1,290,21
E5_M12,mathematics,A square has side length 6 cm.,Is its perimeter 24 square centimeters?,0,0.08,0,1,286,21
E5_P01,probability,A fair six-sided die is rolled once.,Is the probability of rolling a 6 equal to 1/6?,1,0.99,1,1,290,21
E5_P02,probability,A fair coin is tossed twice.,Is the probability of getting two heads equal to 1/4?,1,0.99,1,1,287,21
E5_P03,probability,A bag contains 3 red balls and 7 blue balls.,Is the probability of drawing a red ball on one draw equal to 0.3?,1,0.98,1,1,297,21
E5_P04,probability,A fair six-sided die is rolled once.,Is the probability of rolling an even number equal to 1/2?,1,0.98,1,1,290,21
E5_P05,probability,Two independent fair coin tosses are performed.,Is the probability that at least one toss is heads equal to 3/4?,1,0.99,1,1,292,21
E5_P06,probability,"A standard deck contains 52 cards, including 13 hearts.",Is the probability of drawing a heart on one random draw equal to 1/4?,1,0.99,1,1,299,21
E5_P07,probability,A fair six-sided die is rolled once.,Is the probability of rolling a 6 equal to 1/3?,0,0.01,0,1,290,21
E5_P08,probability,A fair coin is tossed twice.,Is the probability of getting two heads equal to 1/2?,0,0.01,0,1,287,21
E5_P09,probability,A bag contains 2 red balls and 8 blue balls.,Is the probability of drawing a red ball equal to 0.5?,0,0.01,0,1,294,21
E5_P10,probability,A fair six-sided die is rolled once.,Is the probability of rolling an odd number equal to 1/3?,0,0.02,0,1,290,21
E5_P11,probability,Two independent fair coin tosses are performed.,Is the probability that at least one toss is heads equal to 1/2?,0,0.05,0,1,292,21
E5_P12,probability,"A standard deck contains 52 cards, including 13 hearts.",Is the probability of drawing a heart equal to 1/2?,0,0.01,0,1,295,21
E5_L01,formal_logic,Every A is a B. Every B is a C.,Must every A be a C?,1,0.98,1,1,285,21
E5_L02,formal_logic,Every cat is a mammal. Luna is a cat.,Must Luna be a mammal?,1,0.98,1,1,285,21
E5_L03,formal_logic,No mammals are reptiles. A tiger is a mammal.,Must the tiger be a non-reptile?,1,0.98,1,1,289,21
E5_L04,formal_logic,"If P is true, then Q is true. P is true.",Must Q be true?,1,0.97,1,1,285,21
E5_L05,formal_logic,Some students are athletes. Every athlete trains regularly.,Must at least one student train regularly?,1,0.49,0,0,284,21
E5_L06,formal_logic,Every engineer studied mathematics. Ravi is an engineer.,Must Ravi have studied mathematics?,1,0.98,1,1,284,21
E5_L07,formal_logic,Every A is a B. Some C is a B.,Must every C be an A?,0,0.03,0,1,285,21
E5_L08,formal_logic,"If P is true, then Q is true. Q is true.",Must P be true?,0,0.07,0,1,285,21
E5_L09,formal_logic,All doctors are educated. Some educated people are musicians.,Must every musician be a doctor?,0,0.02,0,1,284,21
E5_L10,formal_logic,"If A occurs, then B occurs. B occurs.",Must A have occurred?,0,0.07,0,1,282,21
E5_L11,formal_logic,Every bird can fly. Penguins are birds.,Does the stated premise logically imply that penguins cannot fly?,0,0.02,0,1,287,21
E5_L12,formal_logic,Some A are B. No B are C.,Must every A be non-C?,0,0.08,0,1,283,21
E5_S01,science_reasoning,An object travels 100 meters in 10 seconds at constant speed.,Is its speed 10 meters per second?,1,0.99,1,1,293,21
E5_S02,science_reasoning,Water freezes at 0 degrees Celsius under standard atmospheric pressure.,Does water freeze at 0 degrees Celsius under these conditions?,1,0.96,1,1,290,21
E5_S03,science_reasoning,An object has mass 2 kg and acceleration 3 m/s².,Is the net force 6 newtons?,1,0.99,1,1,290,21
E5_S04,science_reasoning,"At constant pressure, an ideal gas is heated from 300 K to 600 K.",Does its volume double?,1,0.97,1,1,293,21
E5_S05,science_reasoning,A metal rod is heated and expands.,Does its length increase as a result of thermal expansion?,1,0.98,1,1,285,21
E5_S06,science_reasoning,A circuit has voltage 12 V and resistance 4 ohms.,Is the current 3 amperes?,1,0.98,1,1,290,21
E5_S07,science_reasoning,An object travels 120 meters in 10 seconds at constant speed.,Is its speed 15 meters per second?,0,0.0,0,1,293,21
E5_S08,science_reasoning,Water freezes at 0 degrees Celsius under standard atmospheric pressure.,Does water freeze at 100 degrees Celsius under these conditions?,0,0.01,0,1,292,21
E5_S09,science_reasoning,An object has mass 5 kg and acceleration 2 m/s².,Is the net force 20 newtons?,0,0.02,0,1,291,21
E5_S10,science_reasoning,"At constant pressure, an ideal gas is heated from 300 K to 600 K.",Does its volume become half its original value?,0,0.02,0,1,297,21
E5_S11,science_reasoning,A circuit has voltage 12 V and resistance 6 ohms.,Is the current 3 amperes?,0,0.02,0,1,290,21
E5_S12,science_reasoning,An object is moving at constant velocity in a straight line.,Must a nonzero net force be acting on it?,0,0.03,0,1,289,21
E5_D01,data_reasoning,A classifier correctly predicts 95 of 100 examples.,Is its accuracy 95%?,1,0.98,1,1,288,21
E5_D02,data_reasoning,A classifier has TP=80 and FN=20.,Is its recall 80%?,1,0.99,1,1,287,21
E5_D03,data_reasoning,A confusion matrix has TP=80 and FP=20.,Is its precision 80%?,1,0.98,1,1,288,21
E5_D04,data_reasoning,A dataset contains 50 positive and 50 negative examples.,Are the two classes equally represented?,1,0.99,1,1,287,21
E5_D05,data_reasoning,"Five values are 2, 4, 6, 8, and 10.",Is their median 6?,1,0.99,1,1,292,21
E5_D06,data_reasoning,A quantity increases from 50 to 60.,Is the percentage increase 20%?,1,0.99,1,1,287,21
E5_D07,data_reasoning,A classifier correctly predicts 80 of 100 examples.,Is its accuracy 90%?,0,0.01,0,1,288,21
E5_D08,data_reasoning,A classifier has TP=60 and FN=40.,Is its recall 80%?,0,0.11,0,1,287,21
E5_D09,data_reasoning,A confusion matrix has TP=50 and FP=50.,Is its precision 80%?,0,0.02,0,1,288,21
E5_D10,data_reasoning,A dataset contains 80 positive and 20 negative examples.,Are the two classes equally represented?,0,0.01,0,1,287,21
E5_D11,data_reasoning,"Five values are 2, 4, 8, 10, and 12.",Is their median 7?,0,0.01,0,1,293,21
E5_D12,data_reasoning,A quantity increases from 80 to 100.,Is the percentage increase 20%?,0,0.41,0,1,288,21
