case_id,core_id,shift_group,source_domain,target_domain,domain,label,probability,prediction,correct,input_tokens,output_tokens,error
E6_C01_SRC,C01,source,mathematics,finance,mathematics,0,0.05,0,1,334,21,
E6_C01_SHIFT,C01,shifted,mathematics,finance,finance,0,0.05,0,1,339,21,
E6_C02_SRC,C02,source,mathematics,finance,mathematics,1,0.99,1,1,314,21,
E6_C02_SHIFT,C02,shifted,mathematics,finance,finance,1,0.95,1,1,331,21,
E6_C03_SRC,C03,source,mathematics,finance,mathematics,0,0.0,0,1,314,21,
E6_C03_SHIFT,C03,shifted,mathematics,finance,finance,0,0.0,0,1,320,21,
E6_C04_SRC,C04,source,mathematics,finance,mathematics,1,1.0,1,1,318,21,
E6_C04_SHIFT,C04,shifted,mathematics,finance,finance,1,1.0,1,1,321,21,
E6_C05_SRC,C05,source,mathematics,finance,mathematics,0,0.06,0,1,314,21,
E6_C05_SHIFT,C05,shifted,mathematics,finance,finance,0,0.05,0,1,318,21,
E6_C06_SRC,C06,source,mathematics,finance,mathematics,1,0.99,1,1,309,21,
E6_C06_SHIFT,C06,shifted,mathematics,finance,finance,1,0.98,1,1,315,21,
E6_C07_SRC,C07,source,mathematics,finance,mathematics,0,0.21,0,1,309,21,
E6_C07_SHIFT,C07,shifted,mathematics,finance,finance,0,0.25,0,1,314,21,
E6_C08_SRC,C08,source,mathematics,finance,mathematics,1,0.99,1,1,313,21,
E6_C08_SHIFT,C08,shifted,mathematics,finance,finance,1,0.99,1,1,319,21,
E6_C09_SRC,C09,source,mathematics,finance,mathematics,0,0.08,0,1,312,21,
E6_C09_SHIFT,C09,shifted,mathematics,finance,finance,0,0.06,0,1,315,21,
E6_C10_SRC,C10,source,mathematics,finance,mathematics,1,0.99,1,1,313,21,
E6_C10_SHIFT,C10,shifted,mathematics,finance,finance,1,0.99,1,1,319,21,
E6_C11_SRC,C11,source,probability,medical,probability,1,0.97,1,1,310,21,
E6_C11_SHIFT,C11,shifted,probability,medical,medical,1,0.94,1,1,325,21,
E6_C12_SRC,C12,source,probability,medical,probability,0,0.04,0,1,319,21,
E6_C12_SHIFT,C12,shifted,probability,medical,medical,0,0.05,0,1,324,21,
E6_C13_SRC,C13,source,probability,medical,probability,1,0.98,1,1,314,21,
E6_C13_SHIFT,C13,shifted,probability,medical,medical,1,0.98,1,1,328,21,
E6_C14_SRC,C14,source,probability,medical,probability,0,0.03,0,1,315,21,
E6_C14_SHIFT,C14,shifted,probability,medical,medical,0,0.04,0,1,328,21,
E6_C15_SRC,C15,source,probability,medical,probability,1,0.99,1,1,315,21,
E6_C15_SHIFT,C15,shifted,probability,medical,medical,1,0.98,1,1,320,21,
E6_C16_SRC,C16,source,probability,medical,probability,0,0.02,0,1,320,21,
E6_C16_SHIFT,C16,shifted,probability,medical,medical,0,0.02,0,1,322,21,
E6_C17_SRC,C17,source,probability,medical,probability,1,0.93,1,1,317,21,
E6_C17_SHIFT,C17,shifted,probability,medical,medical,1,0.97,1,1,326,21,
E6_C18_SRC,C18,source,probability,medical,probability,0,0.02,0,1,314,21,
E6_C18_SHIFT,C18,shifted,probability,medical,medical,0,0.02,0,1,324,21,
E6_C19_SRC,C19,source,probability,medical,probability,1,0.96,1,1,319,21,
E6_C19_SHIFT,C19,shifted,probability,medical,medical,1,0.98,1,1,320,21,
E6_C20_SRC,C20,source,probability,medical,probability,0,0.02,0,1,320,21,
E6_C20_SHIFT,C20,shifted,probability,medical,medical,0,0.02,0,1,324,21,
E6_C21_SRC,C21,source,formal_logic,legal_rule_reasoning,formal_logic,1,0.98,1,1,307,21,
E6_C21_SHIFT,C21,shifted,formal_logic,legal_rule_reasoning,legal_rule_reasoning,1,0.96,1,1,317,21,
E6_C22_SRC,C22,source,formal_logic,legal_rule_reasoning,formal_logic,0,0.05,0,1,308,21,
E6_C22_SHIFT,C22,shifted,formal_logic,legal_rule_reasoning,legal_rule_reasoning,0,0.08,0,1,318,21,
E6_C23_SRC,C23,source,formal_logic,legal_rule_reasoning,formal_logic,1,0.98,1,1,319,21,
E6_C23_SHIFT,C23,shifted,formal_logic,legal_rule_reasoning,legal_rule_reasoning,1,0.98,1,1,315,21,
E6_C24_SRC,C24,source,formal_logic,legal_rule_reasoning,formal_logic,0,0.09,0,1,317,21,
E6_C24_SHIFT,C24,shifted,formal_logic,legal_rule_reasoning,legal_rule_reasoning,0,0.09,0,1,315,21,
E6_C25_SRC,C25,source,formal_logic,legal_rule_reasoning,formal_logic,1,0.98,1,1,319,21,
E6_C25_SHIFT,C25,shifted,formal_logic,legal_rule_reasoning,legal_rule_reasoning,1,0.98,1,1,317,21,
E6_C26_SRC,C26,source,formal_logic,legal_rule_reasoning,formal_logic,0,0.07,0,1,310,21,
E6_C26_SHIFT,C26,shifted,formal_logic,legal_rule_reasoning,legal_rule_reasoning,0,0.06,0,1,313,21,
E6_C27_SRC,C27,source,formal_logic,legal_rule_reasoning,formal_logic,1,0.97,1,1,311,21,
E6_C27_SHIFT,C27,shifted,formal_logic,legal_rule_reasoning,legal_rule_reasoning,1,0.97,1,1,316,21,
E6_C28_SRC,C28,source,formal_logic,legal_rule_reasoning,formal_logic,0,0.03,0,1,313,21,
E6_C28_SHIFT,C28,shifted,formal_logic,legal_rule_reasoning,legal_rule_reasoning,0,0.04,0,1,322,21,
E6_C29_SRC,C29,source,formal_logic,legal_rule_reasoning,formal_logic,1,0.98,1,1,316,21,
E6_C29_SHIFT,C29,shifted,formal_logic,legal_rule_reasoning,legal_rule_reasoning,1,0.66,1,1,315,21,
E6_C30_SRC,C30,source,formal_logic,legal_rule_reasoning,formal_logic,0,0.08,0,1,309,21,
E6_C30_SHIFT,C30,shifted,formal_logic,legal_rule_reasoning,legal_rule_reasoning,0,0.09,0,1,318,21,
E6_C31_SRC,C31,source,science_reasoning,engineering,science_reasoning,1,0.99,1,1,319,21,
E6_C31_SHIFT,C31,shifted,science_reasoning,engineering,engineering,1,0.99,1,1,323,21,
E6_C32_SRC,C32,source,science_reasoning,engineering,science_reasoning,0,0.04,0,1,319,21,
E6_C32_SHIFT,C32,shifted,science_reasoning,engineering,engineering,0,0.08,0,1,323,21,
E6_C33_SRC,C33,source,science_reasoning,engineering,science_reasoning,1,0.98,1,1,321,21,
E6_C33_SHIFT,C33,shifted,science_reasoning,engineering,engineering,1,0.98,1,1,322,21,
E6_C34_SRC,C34,source,science_reasoning,engineering,science_reasoning,0,0.08,0,1,321,21,
E6_C34_SHIFT,C34,shifted,science_reasoning,engineering,engineering,0,0.1,0,1,322,21,
E6_C35_SRC,C35,source,science_reasoning,engineering,science_reasoning,1,0.98,1,1,325,21,
E6_C35_SHIFT,C35,shifted,science_reasoning,engineering,engineering,1,0.62,1,1,319,21,
E6_C36_SRC,C36,source,science_reasoning,engineering,science_reasoning,0,0.02,0,1,325,21,
E6_C36_SHIFT,C36,shifted,science_reasoning,engineering,engineering,0,0.24,0,1,319,21,
E6_C37_SRC,C37,source,science_reasoning,engineering,science_reasoning,1,0.97,1,1,319,21,
E6_C37_SHIFT,C37,shifted,science_reasoning,engineering,engineering,1,0.97,1,1,322,21,
E6_C38_SRC,C38,source,science_reasoning,engineering,science_reasoning,0,0.02,0,1,319,21,
E6_C38_SHIFT,C38,shifted,science_reasoning,engineering,engineering,0,0.02,0,1,322,21,
E6_C39_SRC,C39,source,science_reasoning,engineering,science_reasoning,1,0.99,1,1,314,21,
E6_C39_SHIFT,C39,shifted,science_reasoning,engineering,engineering,1,0.99,1,1,318,21,
E6_C40_SRC,C40,source,science_reasoning,engineering,science_reasoning,0,0.02,0,1,314,21,
E6_C40_SHIFT,C40,shifted,science_reasoning,engineering,engineering,0,0.02,0,1,318,21,
E6_C41_SRC,C41,source,data_reasoning,business_operations,data_reasoning,1,0.99,1,1,322,21,
E6_C41_SHIFT,C41,shifted,data_reasoning,business_operations,business_operations,1,0.99,1,1,324,21,
E6_C42_SRC,C42,source,data_reasoning,business_operations,data_reasoning,0,0.01,0,1,322,21,
E6_C42_SHIFT,C42,shifted,data_reasoning,business_operations,business_operations,0,0.02,0,1,323,21,
E6_C43_SRC,C43,source,data_reasoning,business_operations,data_reasoning,1,0.99,1,1,321,21,
E6_C43_SHIFT,C43,shifted,data_reasoning,business_operations,business_operations,1,0.99,1,1,322,21,
E6_C44_SRC,C44,source,data_reasoning,business_operations,data_reasoning,0,0.03,0,1,321,21,
E6_C44_SHIFT,C44,shifted,data_reasoning,business_operations,business_operations,0,0.02,0,1,322,21,
E6_C45_SRC,C45,source,data_reasoning,business_operations,data_reasoning,1,0.97,1,1,315,21,
E6_C45_SHIFT,C45,shifted,data_reasoning,business_operations,business_operations,1,0.96,1,1,318,21,
E6_C46_SRC,C46,source,data_reasoning,business_operations,data_reasoning,0,0.02,0,1,315,21,
E6_C46_SHIFT,C46,shifted,data_reasoning,business_operations,business_operations,0,0.02,0,1,318,21,
E6_C47_SRC,C47,source,data_reasoning,business_operations,data_reasoning,1,0.95,1,1,320,21,
E6_C47_SHIFT,C47,shifted,data_reasoning,business_operations,business_operations,1,0.94,1,1,321,21,
E6_C48_SRC,C48,source,data_reasoning,business_operations,data_reasoning,0,0.05,0,1,320,21,
E6_C48_SHIFT,C48,shifted,data_reasoning,business_operations,business_operations,0,0.04,0,1,321,21,
E6_C49_SRC,C49,source,data_reasoning,business_operations,data_reasoning,1,0.98,1,1,319,21,
E6_C49_SHIFT,C49,shifted,data_reasoning,business_operations,business_operations,1,0.98,1,1,322,21,
E6_C50_SRC,C50,source,data_reasoning,business_operations,data_reasoning,0,0.08,0,1,318,21,
E6_C50_SHIFT,C50,shifted,data_reasoning,business_operations,business_operations,0,0.09,0,1,321,21,
