row_id,case_id,domain,representation,label,probability,prediction,correct,model,input_tokens,output_tokens
0,M01,mathematics,direct,1,0.99,1,1,jev-1.13.0,336,21
1,M01,mathematics,predicate,1,0.99,1,1,jev-1.13.0,340,21
2,M01,mathematics,classification,1,0.99,1,1,jev-1.13.0,346,21
3,M02,mathematics,direct,0,0.01,0,1,jev-1.13.0,344,21
4,M02,mathematics,predicate,0,0.01,0,1,jev-1.13.0,348,21
5,M02,mathematics,classification,0,0.02,0,1,jev-1.13.0,354,21
6,M03,mathematics,direct,1,0.97,1,1,jev-1.13.0,332,21
7,M03,mathematics,predicate,1,0.93,1,1,jev-1.13.0,336,21
8,M03,mathematics,classification,1,0.94,1,1,jev-1.13.0,342,21
9,M04,mathematics,direct,0,0.02,0,1,jev-1.13.0,336,21
10,M04,mathematics,predicate,0,0.02,0,1,jev-1.13.0,340,21
11,M04,mathematics,classification,0,0.02,0,1,jev-1.13.0,346,21
12,M05,mathematics,direct,1,1.0,1,1,jev-1.13.0,336,21
13,M05,mathematics,predicate,1,1.0,1,1,jev-1.13.0,340,21
14,M05,mathematics,classification,1,0.99,1,1,jev-1.13.0,346,21
15,M06,mathematics,direct,0,0.01,0,1,jev-1.13.0,322,21
16,M06,mathematics,predicate,0,0.01,0,1,jev-1.13.0,326,21
17,M06,mathematics,classification,0,0.01,0,1,jev-1.13.0,332,21
18,M07,mathematics,direct,1,0.98,1,1,jev-1.13.0,320,21
19,M07,mathematics,predicate,1,0.98,1,1,jev-1.13.0,324,21
20,M07,mathematics,classification,1,0.98,1,1,jev-1.13.0,330,21
21,M08,mathematics,direct,0,0.01,0,1,jev-1.13.0,332,21
22,M08,mathematics,predicate,0,0.01,0,1,jev-1.13.0,336,21
23,M08,mathematics,classification,0,0.02,0,1,jev-1.13.0,342,21
24,M09,mathematics,direct,1,0.99,1,1,jev-1.13.0,334,21
25,M09,mathematics,predicate,1,0.99,1,1,jev-1.13.0,338,21
26,M09,mathematics,classification,1,0.99,1,1,jev-1.13.0,344,21
27,M10,mathematics,direct,0,0.02,0,1,jev-1.13.0,328,21
28,M10,mathematics,predicate,0,0.02,0,1,jev-1.13.0,332,21
29,M10,mathematics,classification,0,0.01,0,1,jev-1.13.0,338,21
30,M11,mathematics,direct,1,0.99,1,1,jev-1.13.0,330,21
31,M11,mathematics,predicate,1,0.99,1,1,jev-1.13.0,334,21
32,M11,mathematics,classification,1,0.99,1,1,jev-1.13.0,340,21
33,M12,mathematics,direct,0,0.01,0,1,jev-1.13.0,334,21
34,M12,mathematics,predicate,0,0.01,0,1,jev-1.13.0,338,21
35,M12,mathematics,classification,0,0.01,0,1,jev-1.13.0,344,21
36,P01,probability,direct,1,0.99,1,1,jev-1.13.0,340,21
37,P01,probability,predicate,1,0.99,1,1,jev-1.13.0,344,21
38,P01,probability,classification,1,0.98,1,1,jev-1.13.0,350,21
39,P02,probability,direct,0,0.02,0,1,jev-1.13.0,346,21
40,P02,probability,predicate,0,0.02,0,1,jev-1.13.0,350,21
41,P02,probability,classification,0,0.02,0,1,jev-1.13.0,356,21
42,P03,probability,direct,1,0.95,1,1,jev-1.13.0,316,21
43,P03,probability,predicate,1,0.95,1,1,jev-1.13.0,320,21
44,P03,probability,classification,1,0.96,1,1,jev-1.13.0,326,21
45,P04,probability,direct,0,0.02,0,1,jev-1.13.0,316,21
46,P04,probability,predicate,0,0.02,0,1,jev-1.13.0,320,21
47,P04,probability,classification,0,0.01,0,1,jev-1.13.0,326,21
48,P05,probability,direct,1,0.97,1,1,jev-1.13.0,330,21
49,P05,probability,predicate,1,0.95,1,1,jev-1.13.0,334,21
50,P05,probability,classification,1,0.96,1,1,jev-1.13.0,340,21
51,P06,probability,direct,0,0.02,0,1,jev-1.13.0,318,21
52,P06,probability,predicate,0,0.03,0,1,jev-1.13.0,322,21
53,P06,probability,classification,0,0.02,0,1,jev-1.13.0,328,21
54,P07,probability,direct,1,0.98,1,1,jev-1.13.0,338,21
55,P07,probability,predicate,1,0.98,1,1,jev-1.13.0,342,21
56,P07,probability,classification,1,0.98,1,1,jev-1.13.0,348,21
57,P08,probability,direct,0,0.02,0,1,jev-1.13.0,342,21
58,P08,probability,predicate,0,0.02,0,1,jev-1.13.0,346,21
59,P08,probability,classification,0,0.02,0,1,jev-1.13.0,352,21
60,P09,probability,direct,1,0.97,1,1,jev-1.13.0,344,21
61,P09,probability,predicate,1,0.97,1,1,jev-1.13.0,348,21
62,P09,probability,classification,1,0.97,1,1,jev-1.13.0,354,21
63,P10,probability,direct,0,0.01,0,1,jev-1.13.0,330,21
64,P10,probability,predicate,0,0.01,0,1,jev-1.13.0,334,21
65,P10,probability,classification,0,0.01,0,1,jev-1.13.0,340,21
66,P11,probability,direct,1,0.99,1,1,jev-1.13.0,326,21
67,P11,probability,predicate,1,0.98,1,1,jev-1.13.0,330,21
68,P11,probability,classification,1,0.99,1,1,jev-1.13.0,336,21
69,P12,probability,direct,0,0.04,0,1,jev-1.13.0,318,21
70,P12,probability,predicate,0,0.03,0,1,jev-1.13.0,322,21
71,P12,probability,classification,0,0.04,0,1,jev-1.13.0,328,21
72,L01,formal_logic,direct,1,0.98,1,1,jev-1.13.0,330,21
73,L01,formal_logic,predicate,1,0.98,1,1,jev-1.13.0,334,21
74,L01,formal_logic,classification,1,0.98,1,1,jev-1.13.0,340,21
75,L02,formal_logic,direct,0,0.04,0,1,jev-1.13.0,330,21
76,L02,formal_logic,predicate,0,0.04,0,1,jev-1.13.0,334,21
77,L02,formal_logic,classification,0,0.03,0,1,jev-1.13.0,340,21
78,L03,formal_logic,direct,1,0.97,1,1,jev-1.13.0,330,21
79,L03,formal_logic,predicate,1,0.98,1,1,jev-1.13.0,334,21
80,L03,formal_logic,classification,1,0.98,1,1,jev-1.13.0,340,21
81,L04,formal_logic,direct,0,0.04,0,1,jev-1.13.0,330,21
82,L04,formal_logic,predicate,0,0.04,0,1,jev-1.13.0,334,21
83,L04,formal_logic,classification,0,0.04,0,1,jev-1.13.0,340,21
84,L05,formal_logic,direct,1,0.99,1,1,jev-1.13.0,336,21
85,L05,formal_logic,predicate,1,0.99,1,1,jev-1.13.0,340,21
86,L05,formal_logic,classification,1,0.98,1,1,jev-1.13.0,346,21
87,L06,formal_logic,direct,0,0.03,0,1,jev-1.13.0,338,21
88,L06,formal_logic,predicate,0,0.03,0,1,jev-1.13.0,342,21
89,L06,formal_logic,classification,0,0.03,0,1,jev-1.13.0,348,21
90,L07,formal_logic,direct,1,0.98,1,1,jev-1.13.0,342,21
91,L07,formal_logic,predicate,1,0.98,1,1,jev-1.13.0,346,21
92,L07,formal_logic,classification,1,0.98,1,1,jev-1.13.0,352,21
93,L08,formal_logic,direct,0,0.03,0,1,jev-1.13.0,326,21
94,L08,formal_logic,predicate,0,0.04,0,1,jev-1.13.0,330,21
95,L08,formal_logic,classification,0,0.04,0,1,jev-1.13.0,336,21
96,L09,formal_logic,direct,1,0.98,1,1,jev-1.13.0,334,21
97,L09,formal_logic,predicate,1,0.98,1,1,jev-1.13.0,338,21
98,L09,formal_logic,classification,1,0.98,1,1,jev-1.13.0,344,21
99,L10,formal_logic,direct,0,0.03,0,1,jev-1.13.0,326,21
100,L10,formal_logic,predicate,0,0.04,0,1,jev-1.13.0,330,21
101,L10,formal_logic,classification,0,0.05,0,1,jev-1.13.0,336,21
102,L11,formal_logic,direct,1,0.97,1,1,jev-1.13.0,324,21
103,L11,formal_logic,predicate,1,0.96,1,1,jev-1.13.0,328,21
104,L11,formal_logic,classification,1,0.97,1,1,jev-1.13.0,334,21
105,L12,formal_logic,direct,0,0.03,0,1,jev-1.13.0,332,21
106,L12,formal_logic,predicate,0,0.04,0,1,jev-1.13.0,336,21
107,L12,formal_logic,classification,0,0.04,0,1,jev-1.13.0,342,21
108,S01,science_reasoning,direct,1,0.97,1,1,jev-1.13.0,324,21
109,S01,science_reasoning,predicate,1,0.97,1,1,jev-1.13.0,328,21
110,S01,science_reasoning,classification,1,0.96,1,1,jev-1.13.0,334,21
111,S02,science_reasoning,direct,0,0.01,0,1,jev-1.13.0,326,21
112,S02,science_reasoning,predicate,0,0.01,0,1,jev-1.13.0,330,21
113,S02,science_reasoning,classification,0,0.01,0,1,jev-1.13.0,336,21
114,S03,science_reasoning,direct,1,0.99,1,1,jev-1.13.0,320,21
115,S03,science_reasoning,predicate,1,0.99,1,1,jev-1.13.0,324,21
116,S03,science_reasoning,classification,1,0.98,1,1,jev-1.13.0,330,21
117,S04,science_reasoning,direct,0,0.02,0,1,jev-1.13.0,320,21
118,S04,science_reasoning,predicate,0,0.02,0,1,jev-1.13.0,324,21
119,S04,science_reasoning,classification,0,0.02,0,1,jev-1.13.0,330,21
120,S05,science_reasoning,direct,1,0.99,1,1,jev-1.13.0,326,21
121,S05,science_reasoning,predicate,1,0.99,1,1,jev-1.13.0,330,21
122,S05,science_reasoning,classification,1,0.99,1,1,jev-1.13.0,336,21
123,S06,science_reasoning,direct,0,0.01,0,1,jev-1.13.0,320,21
124,S06,science_reasoning,predicate,0,0.01,0,1,jev-1.13.0,324,21
125,S06,science_reasoning,classification,0,0.01,0,1,jev-1.13.0,330,21
126,S07,science_reasoning,direct,1,0.98,1,1,jev-1.13.0,318,21
127,S07,science_reasoning,predicate,1,0.98,1,1,jev-1.13.0,322,21
128,S07,science_reasoning,classification,1,0.98,1,1,jev-1.13.0,328,21
129,S08,science_reasoning,direct,0,0.03,0,1,jev-1.13.0,328,21
130,S08,science_reasoning,predicate,0,0.02,0,1,jev-1.13.0,332,21
131,S08,science_reasoning,classification,0,0.02,0,1,jev-1.13.0,338,21
132,S09,science_reasoning,direct,1,0.99,1,1,jev-1.13.0,314,21
133,S09,science_reasoning,predicate,1,0.99,1,1,jev-1.13.0,318,21
134,S09,science_reasoning,classification,1,0.99,1,1,jev-1.13.0,324,21
135,S10,science_reasoning,direct,0,0.02,0,1,jev-1.13.0,316,21
136,S10,science_reasoning,predicate,0,0.01,0,1,jev-1.13.0,320,21
137,S10,science_reasoning,classification,0,0.01,0,1,jev-1.13.0,326,21
138,S11,science_reasoning,direct,1,0.98,1,1,jev-1.13.0,330,21
139,S11,science_reasoning,predicate,1,0.98,1,1,jev-1.13.0,334,21
140,S11,science_reasoning,classification,1,0.98,1,1,jev-1.13.0,340,21
141,S12,science_reasoning,direct,0,0.01,0,1,jev-1.13.0,316,21
142,S12,science_reasoning,predicate,0,0.01,0,1,jev-1.13.0,320,21
143,S12,science_reasoning,classification,0,0.01,0,1,jev-1.13.0,326,21
144,D01,data_reasoning,direct,1,0.99,1,1,jev-1.13.0,344,21
145,D01,data_reasoning,predicate,1,0.99,1,1,jev-1.13.0,348,21
146,D01,data_reasoning,classification,1,0.99,1,1,jev-1.13.0,354,21
147,D02,data_reasoning,direct,0,0.02,0,1,jev-1.13.0,344,21
148,D02,data_reasoning,predicate,0,0.02,0,1,jev-1.13.0,348,21
149,D02,data_reasoning,classification,0,0.03,0,1,jev-1.13.0,354,21
150,D03,data_reasoning,direct,1,0.97,1,1,jev-1.13.0,346,21
151,D03,data_reasoning,predicate,1,0.97,1,1,jev-1.13.0,350,21
152,D03,data_reasoning,classification,1,0.98,1,1,jev-1.13.0,356,21
153,D04,data_reasoning,direct,0,0.02,0,1,jev-1.13.0,346,21
154,D04,data_reasoning,predicate,0,0.02,0,1,jev-1.13.0,350,21
155,D04,data_reasoning,classification,0,0.02,0,1,jev-1.13.0,356,21
156,D05,data_reasoning,direct,1,0.99,1,1,jev-1.13.0,334,21
157,D05,data_reasoning,predicate,1,0.99,1,1,jev-1.13.0,338,21
158,D05,data_reasoning,classification,1,0.99,1,1,jev-1.13.0,344,21
159,D06,data_reasoning,direct,0,0.02,0,1,jev-1.13.0,334,21
160,D06,data_reasoning,predicate,0,0.01,0,1,jev-1.13.0,338,21
161,D06,data_reasoning,classification,0,0.01,0,1,jev-1.13.0,344,21
162,D07,data_reasoning,direct,1,0.99,1,1,jev-1.13.0,338,21
163,D07,data_reasoning,predicate,1,0.99,1,1,jev-1.13.0,342,21
164,D07,data_reasoning,classification,1,0.98,1,1,jev-1.13.0,348,21
165,D08,data_reasoning,direct,0,0.02,0,1,jev-1.13.0,332,21
166,D08,data_reasoning,predicate,0,0.02,0,1,jev-1.13.0,336,21
167,D08,data_reasoning,classification,0,0.02,0,1,jev-1.13.0,342,21
168,D09,data_reasoning,direct,1,0.98,1,1,jev-1.13.0,342,21
169,D09,data_reasoning,predicate,1,0.98,1,1,jev-1.13.0,346,21
170,D09,data_reasoning,classification,1,0.98,1,1,jev-1.13.0,352,21
171,D10,data_reasoning,direct,0,0.04,0,1,jev-1.13.0,342,21
172,D10,data_reasoning,predicate,0,0.03,0,1,jev-1.13.0,346,21
173,D10,data_reasoning,classification,0,0.03,0,1,jev-1.13.0,352,21
174,D11,data_reasoning,direct,1,0.97,1,1,jev-1.13.0,344,21
175,D11,data_reasoning,predicate,1,0.97,1,1,jev-1.13.0,348,21
176,D11,data_reasoning,classification,1,0.97,1,1,jev-1.13.0,354,21
177,D12,data_reasoning,direct,0,0.02,0,1,jev-1.13.0,344,21
178,D12,data_reasoning,predicate,0,0.01,0,1,jev-1.13.0,348,21
179,D12,data_reasoning,classification,0,0.01,0,1,jev-1.13.0,354,21
