row_id,case_id,domain,condition,label,probability,prediction,correct,confidence,model,input_tokens,output_tokens
M01_original,M01,mathematics,original,1,0.99,1,1,0.99,jev-1.13.0,315,21
M01_irrelevant_context,M01,mathematics,irrelevant_context,1,0.99,1,1,0.99,jev-1.13.0,329,21
M01_distracting_context,M01,mathematics,distracting_context,1,0.99,1,1,0.99,jev-1.13.0,337,21
M02_original,M02,mathematics,original,0,0.01,0,1,0.99,jev-1.13.0,315,21
M02_irrelevant_context,M02,mathematics,irrelevant_context,0,0.01,0,1,0.99,jev-1.13.0,328,21
M02_distracting_context,M02,mathematics,distracting_context,0,0.02,0,1,0.98,jev-1.13.0,335,21
M03_original,M03,mathematics,original,1,0.99,1,1,0.99,jev-1.13.0,319,21
M03_irrelevant_context,M03,mathematics,irrelevant_context,1,0.99,1,1,0.99,jev-1.13.0,329,21
M03_distracting_context,M03,mathematics,distracting_context,1,0.99,1,1,0.99,jev-1.13.0,336,21
M04_original,M04,mathematics,original,0,0.02,0,1,0.98,jev-1.13.0,320,21
M04_irrelevant_context,M04,mathematics,irrelevant_context,0,0.01,0,1,0.99,jev-1.13.0,338,21
M04_distracting_context,M04,mathematics,distracting_context,0,0.02,0,1,0.98,jev-1.13.0,341,21
M05_original,M05,mathematics,original,1,0.98,1,1,0.98,jev-1.13.0,311,21
M05_irrelevant_context,M05,mathematics,irrelevant_context,1,0.99,1,1,0.99,jev-1.13.0,324,21
M05_distracting_context,M05,mathematics,distracting_context,1,0.98,1,1,0.98,jev-1.13.0,333,21
M06_original,M06,mathematics,original,0,0.01,0,1,0.99,jev-1.13.0,311,21
M06_irrelevant_context,M06,mathematics,irrelevant_context,0,0.02,0,1,0.98,jev-1.13.0,327,21
M06_distracting_context,M06,mathematics,distracting_context,0,0.03,0,1,0.97,jev-1.13.0,333,21
M07_original,M07,mathematics,original,1,0.98,1,1,0.98,jev-1.13.0,321,21
M07_irrelevant_context,M07,mathematics,irrelevant_context,1,0.99,1,1,0.99,jev-1.13.0,336,21
M07_distracting_context,M07,mathematics,distracting_context,1,0.99,1,1,0.99,jev-1.13.0,342,21
M08_original,M08,mathematics,original,0,0.02,0,1,0.98,jev-1.13.0,321,21
M08_irrelevant_context,M08,mathematics,irrelevant_context,0,0.02,0,1,0.98,jev-1.13.0,332,21
M08_distracting_context,M08,mathematics,distracting_context,0,0.03,0,1,0.97,jev-1.13.0,342,21
M09_original,M09,mathematics,original,1,0.99,1,1,0.99,jev-1.13.0,308,21
M09_irrelevant_context,M09,mathematics,irrelevant_context,1,0.88,1,1,0.88,jev-1.13.0,314,21
M09_distracting_context,M09,mathematics,distracting_context,1,0.97,1,1,0.97,jev-1.13.0,325,21
M11_original,M11,mathematics,original,1,0.99,1,1,0.99,jev-1.13.0,315,21
M11_irrelevant_context,M11,mathematics,irrelevant_context,1,0.99,1,1,0.99,jev-1.13.0,327,21
M11_distracting_context,M11,mathematics,distracting_context,1,0.98,1,1,0.98,jev-1.13.0,340,21
M12_original,M12,mathematics,original,0,0.0,0,1,1.0,jev-1.13.0,317,21
M12_irrelevant_context,M12,mathematics,irrelevant_context,0,0.05,0,1,0.95,jev-1.13.0,325,21
M12_distracting_context,M12,mathematics,distracting_context,0,0.04,0,1,0.96,jev-1.13.0,340,21
P01_original,P01,probability,original,1,0.97,1,1,0.97,jev-1.13.0,320,21
P01_irrelevant_context,P01,probability,irrelevant_context,1,0.97,1,1,0.97,jev-1.13.0,327,21
P01_distracting_context,P01,probability,distracting_context,1,0.98,1,1,0.98,jev-1.13.0,337,21
P02_original,P02,probability,original,0,0.01,0,1,0.99,jev-1.13.0,320,21
P02_irrelevant_context,P02,probability,irrelevant_context,0,0.02,0,1,0.98,jev-1.13.0,327,21
P02_distracting_context,P02,probability,distracting_context,0,0.04,0,1,0.96,jev-1.13.0,341,21
P03_original,P03,probability,original,1,0.97,1,1,0.97,jev-1.13.0,313,21
P03_irrelevant_context,P03,probability,irrelevant_context,1,0.97,1,1,0.97,jev-1.13.0,321,21
P03_distracting_context,P03,probability,distracting_context,1,0.97,1,1,0.97,jev-1.13.0,332,21
P04_original,P04,probability,original,0,0.02,0,1,0.98,jev-1.13.0,313,21
P04_irrelevant_context,P04,probability,irrelevant_context,0,0.02,0,1,0.98,jev-1.13.0,319,21
P04_distracting_context,P04,probability,distracting_context,0,0.03,0,1,0.97,jev-1.13.0,332,21
P05_original,P05,probability,original,1,0.98,1,1,0.98,jev-1.13.0,322,21
P05_irrelevant_context,P05,probability,irrelevant_context,1,0.94,1,1,0.94,jev-1.13.0,331,21
P05_distracting_context,P05,probability,distracting_context,1,0.94,1,1,0.94,jev-1.13.0,349,21
P06_original,P06,probability,original,0,0.02,0,1,0.98,jev-1.13.0,322,21
P06_irrelevant_context,P06,probability,irrelevant_context,0,0.04,0,1,0.96,jev-1.13.0,331,21
P06_distracting_context,P06,probability,distracting_context,0,0.04,0,1,0.96,jev-1.13.0,349,21
P07_original,P07,probability,original,1,0.98,1,1,0.98,jev-1.13.0,321,21
P07_irrelevant_context,P07,probability,irrelevant_context,1,0.94,1,1,0.94,jev-1.13.0,330,21
P07_distracting_context,P07,probability,distracting_context,1,0.88,1,1,0.88,jev-1.13.0,346,21
P08_original,P08,probability,original,0,0.02,0,1,0.98,jev-1.13.0,322,21
P08_irrelevant_context,P08,probability,irrelevant_context,0,0.02,0,1,0.98,jev-1.13.0,331,21
P08_distracting_context,P08,probability,distracting_context,0,0.02,0,1,0.98,jev-1.13.0,354,21
P09_original,P09,probability,original,1,0.87,1,1,0.87,jev-1.13.0,311,21
P09_irrelevant_context,P09,probability,irrelevant_context,1,0.84,1,1,0.84,jev-1.13.0,320,21
P09_distracting_context,P09,probability,distracting_context,1,0.85,1,1,0.85,jev-1.13.0,332,21
P10_original,P10,probability,original,0,0.03,0,1,0.97,jev-1.13.0,316,21
P10_irrelevant_context,P10,probability,irrelevant_context,0,0.03,0,1,0.97,jev-1.13.0,322,21
P10_distracting_context,P10,probability,distracting_context,0,0.05,0,1,0.95,jev-1.13.0,337,21
P11_original,P11,probability,original,1,0.98,1,1,0.98,jev-1.13.0,322,21
P11_irrelevant_context,P11,probability,irrelevant_context,1,0.99,1,1,0.99,jev-1.13.0,335,21
P11_distracting_context,P11,probability,distracting_context,1,0.98,1,1,0.98,jev-1.13.0,351,21
P12_original,P12,probability,original,0,0.03,0,1,0.97,jev-1.13.0,322,21
P12_irrelevant_context,P12,probability,irrelevant_context,0,0.03,0,1,0.97,jev-1.13.0,335,21
P12_distracting_context,P12,probability,distracting_context,0,0.03,0,1,0.97,jev-1.13.0,351,21
L01_original,L01,formal_logic,original,1,0.98,1,1,0.98,jev-1.13.0,307,21
L01_irrelevant_context,L01,formal_logic,irrelevant_context,1,0.98,1,1,0.98,jev-1.13.0,314,21
L01_distracting_context,L01,formal_logic,distracting_context,1,0.98,1,1,0.98,jev-1.13.0,322,21
L02_original,L02,formal_logic,original,0,0.07,0,1,0.93,jev-1.13.0,310,21
L02_irrelevant_context,L02,formal_logic,irrelevant_context,0,0.07,0,1,0.93,jev-1.13.0,317,21
L02_distracting_context,L02,formal_logic,distracting_context,0,0.11,0,1,0.89,jev-1.13.0,325,21
L03_original,L03,formal_logic,original,0,0.05,0,1,0.95,jev-1.13.0,308,21
L03_irrelevant_context,L03,formal_logic,irrelevant_context,0,0.05,0,1,0.95,jev-1.13.0,312,21
L03_distracting_context,L03,formal_logic,distracting_context,0,0.09,0,1,0.91,jev-1.13.0,326,21
L04_original,L04,formal_logic,original,1,0.97,1,1,0.97,jev-1.13.0,311,21
L04_irrelevant_context,L04,formal_logic,irrelevant_context,1,0.97,1,1,0.97,jev-1.13.0,317,21
L04_distracting_context,L04,formal_logic,distracting_context,1,0.96,1,1,0.96,jev-1.13.0,328,21
L05_original,L05,formal_logic,original,1,0.97,1,1,0.97,jev-1.13.0,306,21
L05_irrelevant_context,L05,formal_logic,irrelevant_context,1,0.98,1,1,0.98,jev-1.13.0,310,21
L05_distracting_context,L05,formal_logic,distracting_context,1,0.98,1,1,0.98,jev-1.13.0,324,21
L06_original,L06,formal_logic,original,0,0.06,0,1,0.94,jev-1.13.0,308,21
L06_irrelevant_context,L06,formal_logic,irrelevant_context,0,0.07,0,1,0.93,jev-1.13.0,312,21
L06_distracting_context,L06,formal_logic,distracting_context,0,0.07,0,1,0.93,jev-1.13.0,326,21
L07_original,L07,formal_logic,original,1,0.98,1,1,0.98,jev-1.13.0,307,21
L07_irrelevant_context,L07,formal_logic,irrelevant_context,1,0.98,1,1,0.98,jev-1.13.0,311,21
L07_distracting_context,L07,formal_logic,distracting_context,1,0.97,1,1,0.97,jev-1.13.0,322,21
L08_original,L08,formal_logic,original,0,0.05,0,1,0.95,jev-1.13.0,303,21
L08_irrelevant_context,L08,formal_logic,irrelevant_context,0,0.04,0,1,0.96,jev-1.13.0,308,21
L08_distracting_context,L08,formal_logic,distracting_context,0,0.05,0,1,0.95,jev-1.13.0,319,21
L09_original,L09,formal_logic,original,0,0.03,0,1,0.97,jev-1.13.0,308,21
L09_irrelevant_context,L09,formal_logic,irrelevant_context,0,0.03,0,1,0.97,jev-1.13.0,313,21
L09_distracting_context,L09,formal_logic,distracting_context,0,0.03,0,1,0.97,jev-1.13.0,332,21
L10_original,L10,formal_logic,original,1,0.98,1,1,0.98,jev-1.13.0,317,21
L10_irrelevant_context,L10,formal_logic,irrelevant_context,1,0.98,1,1,0.98,jev-1.13.0,323,21
L10_distracting_context,L10,formal_logic,distracting_context,1,0.98,1,1,0.98,jev-1.13.0,336,21
L11_original,L11,formal_logic,original,1,0.97,1,1,0.97,jev-1.13.0,317,21
L11_irrelevant_context,L11,formal_logic,irrelevant_context,1,0.97,1,1,0.97,jev-1.13.0,322,21
L11_distracting_context,L11,formal_logic,distracting_context,1,0.97,1,1,0.97,jev-1.13.0,337,21
L12_original,L12,formal_logic,original,0,0.02,0,1,0.98,jev-1.13.0,314,21
L12_irrelevant_context,L12,formal_logic,irrelevant_context,0,0.02,0,1,0.98,jev-1.13.0,322,21
L12_distracting_context,L12,formal_logic,distracting_context,0,0.03,0,1,0.97,jev-1.13.0,329,21
S01_original,S01,science_reasoning,original,1,0.98,1,1,0.98,jev-1.13.0,319,21
S01_irrelevant_context,S01,science_reasoning,irrelevant_context,1,0.99,1,1,0.99,jev-1.13.0,327,21
S01_distracting_context,S01,science_reasoning,distracting_context,1,0.98,1,1,0.98,jev-1.13.0,336,21
S02_original,S02,science_reasoning,original,0,0.02,0,1,0.98,jev-1.13.0,320,21
S02_irrelevant_context,S02,science_reasoning,irrelevant_context,0,0.02,0,1,0.98,jev-1.13.0,324,21
S02_distracting_context,S02,science_reasoning,distracting_context,0,0.02,0,1,0.98,jev-1.13.0,337,21
S03_original,S03,science_reasoning,original,1,0.97,1,1,0.97,jev-1.13.0,328,21
S03_irrelevant_context,S03,science_reasoning,irrelevant_context,1,0.97,1,1,0.97,jev-1.13.0,339,21
S03_distracting_context,S03,science_reasoning,distracting_context,1,0.8,1,1,0.8,jev-1.13.0,345,21
S04_original,S04,science_reasoning,original,0,0.03,0,1,0.97,jev-1.13.0,327,21
S04_irrelevant_context,S04,science_reasoning,irrelevant_context,0,0.02,0,1,0.98,jev-1.13.0,335,21
S04_distracting_context,S04,science_reasoning,distracting_context,0,0.15,0,1,0.85,jev-1.13.0,350,21
S05_original,S05,science_reasoning,original,1,0.99,1,1,0.99,jev-1.13.0,312,21
S05_irrelevant_context,S05,science_reasoning,irrelevant_context,1,0.99,1,1,0.99,jev-1.13.0,317,21
S05_distracting_context,S05,science_reasoning,distracting_context,1,0.99,1,1,0.99,jev-1.13.0,331,21
S06_original,S06,science_reasoning,original,0,0.02,0,1,0.98,jev-1.13.0,313,21
S06_irrelevant_context,S06,science_reasoning,irrelevant_context,0,0.02,0,1,0.98,jev-1.13.0,318,21
S06_distracting_context,S06,science_reasoning,distracting_context,0,0.02,0,1,0.98,jev-1.13.0,332,21
S07_original,S07,science_reasoning,original,1,0.98,1,1,0.98,jev-1.13.0,320,21
S07_irrelevant_context,S07,science_reasoning,irrelevant_context,1,0.98,1,1,0.98,jev-1.13.0,330,21
S07_distracting_context,S07,science_reasoning,distracting_context,1,0.91,1,1,0.91,jev-1.13.0,336,21
S08_original,S08,science_reasoning,original,0,0.02,0,1,0.98,jev-1.13.0,320,21
S08_irrelevant_context,S08,science_reasoning,irrelevant_context,0,0.02,0,1,0.98,jev-1.13.0,327,21
S08_distracting_context,S08,science_reasoning,distracting_context,0,0.03,0,1,0.97,jev-1.13.0,335,21
S09_original,S09,science_reasoning,original,1,0.98,1,1,0.98,jev-1.13.0,322,21
S09_irrelevant_context,S09,science_reasoning,irrelevant_context,1,0.98,1,1,0.98,jev-1.13.0,328,21
S09_distracting_context,S09,science_reasoning,distracting_context,1,0.98,1,1,0.98,jev-1.13.0,341,21
S10_original,S10,science_reasoning,original,0,0.02,0,1,0.98,jev-1.13.0,322,21
S10_irrelevant_context,S10,science_reasoning,irrelevant_context,0,0.02,0,1,0.98,jev-1.13.0,328,21
S10_distracting_context,S10,science_reasoning,distracting_context,0,0.02,0,1,0.98,jev-1.13.0,341,21
S11_original,S11,science_reasoning,original,1,0.99,1,1,0.99,jev-1.13.0,306,21
S11_irrelevant_context,S11,science_reasoning,irrelevant_context,1,0.99,1,1,0.99,jev-1.13.0,314,21
S11_distracting_context,S11,science_reasoning,distracting_context,1,0.99,1,1,0.99,jev-1.13.0,323,21
S12_original,S12,science_reasoning,original,0,0.03,0,1,0.97,jev-1.13.0,307,21
S12_irrelevant_context,S12,science_reasoning,irrelevant_context,0,0.03,0,1,0.97,jev-1.13.0,314,21
S12_distracting_context,S12,science_reasoning,distracting_context,0,0.02,0,1,0.98,jev-1.13.0,327,21
D01_original,D01,data_reasoning,original,1,0.99,1,1,0.99,jev-1.13.0,321,21
D01_irrelevant_context,D01,data_reasoning,irrelevant_context,1,0.99,1,1,0.99,jev-1.13.0,336,21
D01_distracting_context,D01,data_reasoning,distracting_context,1,0.99,1,1,0.99,jev-1.13.0,352,21
D02_original,D02,data_reasoning,original,0,0.01,0,1,0.99,jev-1.13.0,321,21
D02_irrelevant_context,D02,data_reasoning,irrelevant_context,0,0.02,0,1,0.98,jev-1.13.0,332,21
D02_distracting_context,D02,data_reasoning,distracting_context,0,0.02,0,1,0.98,jev-1.13.0,340,21
D03_original,D03,data_reasoning,original,1,0.99,1,1,0.99,jev-1.13.0,322,21
D03_irrelevant_context,D03,data_reasoning,irrelevant_context,1,0.91,1,1,0.91,jev-1.13.0,331,21
D03_distracting_context,D03,data_reasoning,distracting_context,1,0.97,1,1,0.97,jev-1.13.0,338,21
D04_original,D04,data_reasoning,original,0,0.02,0,1,0.98,jev-1.13.0,322,21
D04_irrelevant_context,D04,data_reasoning,irrelevant_context,0,0.03,0,1,0.97,jev-1.13.0,331,21
D04_distracting_context,D04,data_reasoning,distracting_context,0,0.05,0,1,0.95,jev-1.13.0,338,21
D05_original,D05,data_reasoning,original,1,0.99,1,1,0.99,jev-1.13.0,323,21
D05_irrelevant_context,D05,data_reasoning,irrelevant_context,1,0.99,1,1,0.99,jev-1.13.0,337,21
D05_distracting_context,D05,data_reasoning,distracting_context,1,0.99,1,1,0.99,jev-1.13.0,338,21
D06_original,D06,data_reasoning,original,0,0.02,0,1,0.98,jev-1.13.0,323,21
D06_irrelevant_context,D06,data_reasoning,irrelevant_context,0,0.02,0,1,0.98,jev-1.13.0,333,21
D06_distracting_context,D06,data_reasoning,distracting_context,0,0.02,0,1,0.98,jev-1.13.0,342,21
D07_original,D07,data_reasoning,original,1,0.99,1,1,0.99,jev-1.13.0,321,21
D07_irrelevant_context,D07,data_reasoning,irrelevant_context,1,0.99,1,1,0.99,jev-1.13.0,336,21
D07_distracting_context,D07,data_reasoning,distracting_context,1,0.98,1,1,0.98,jev-1.13.0,342,21
D08_original,D08,data_reasoning,original,0,0.02,0,1,0.98,jev-1.13.0,321,21
D08_irrelevant_context,D08,data_reasoning,irrelevant_context,0,0.01,0,1,0.99,jev-1.13.0,336,21
D08_distracting_context,D08,data_reasoning,distracting_context,0,0.02,0,1,0.98,jev-1.13.0,342,21
D09_original,D09,data_reasoning,original,1,0.99,1,1,0.99,jev-1.13.0,323,21
D09_irrelevant_context,D09,data_reasoning,irrelevant_context,1,0.89,1,1,0.89,jev-1.13.0,331,21
D09_distracting_context,D09,data_reasoning,distracting_context,1,0.96,1,1,0.96,jev-1.13.0,341,21
D10_original,D10,data_reasoning,original,0,0.03,0,1,0.97,jev-1.13.0,323,21
D10_irrelevant_context,D10,data_reasoning,irrelevant_context,0,0.03,0,1,0.97,jev-1.13.0,331,21
D10_distracting_context,D10,data_reasoning,distracting_context,0,0.07,0,1,0.93,jev-1.13.0,341,21
D11_original,D11,data_reasoning,original,1,0.98,1,1,0.98,jev-1.13.0,325,21
D11_irrelevant_context,D11,data_reasoning,irrelevant_context,1,0.98,1,1,0.98,jev-1.13.0,339,21
D11_distracting_context,D11,data_reasoning,distracting_context,1,0.98,1,1,0.98,jev-1.13.0,345,21
D12_original,D12,data_reasoning,original,0,0.02,0,1,0.98,jev-1.13.0,326,21
D12_irrelevant_context,D12,data_reasoning,irrelevant_context,0,0.02,0,1,0.98,jev-1.13.0,343,21
D12_distracting_context,D12,data_reasoning,distracting_context,0,0.02,0,1,0.98,jev-1.13.0,346,21
M10_original,M10,mathematics,original,0,0.01,0,1,0.99,jev-1.13.0,308,21
M10_irrelevant_context,M10,mathematics,irrelevant_context,0,0.01,0,1,0.99,jev-1.13.0,314,21
M10_distracting_context,M10,mathematics,distracting_context,0,0.09,0,1,0.91,jev-1.13.0,325,21
