metric,value
total_cases,50.0
positive_cases,25.0
negative_cases,25.0
correct,50.0
incorrect,0.0
accuracy,1.0
true_positive,25.0
true_negative,25.0
false_positive,0.0
false_negative,0.0
precision,1.0
recall,1.0
specificity,1.0
f1,1.0
brier_score,0.002046
mean_absolute_probability_error,0.022200000000000008
log_loss,0.02341863440565404
mean_prediction_confidence,0.9778
min_prediction_confidence,0.72
max_prediction_confidence,0.99
true_probability_mean,0.9839999999999999
true_probability_median,0.99
true_probability_min,0.9
true_probability_max,0.99
false_probability_mean,0.0284
false_probability_median,0.02
false_probability_min,0.01
false_probability_max,0.28
probability_separation,0.62
ece_5_bins,0.022200000000000063
ece_10_bins,0.022200000000000063
confidently_wrong_cases,0.0
uncertain_cases_0.40_to_0.60,0.0
