case_id,domain,difficulty,label,direct_probability,direct_prediction,direct_correct,decomp_probability,decomp_prediction,decomp_correct,p_A,p_B,prediction_A,prediction_B,correct_A,correct_B,batch_probability,batch_prediction,batch_correct,distractor_1_probability,distractor_2_probability,direct_vs_decomp_prediction_change,direct_vs_batch_prediction_change,direct_vs_decomp_abs_probability_change,direct_vs_batch_abs_probability_change,decomp_probability_spread,decomp_min_probability,direct_vs_decomp_min_abs_difference,both_components_true,decomp_prediction_matches_AND
M01,mathematics,easy,1,0.99,1,1,0.99,1,1,0.99,0.99,1.0,1.0,1.0,1.0,0.99,1,1,0.95,0.98,0,0,0.0,0.0,0.0,0.99,0.0,1,1
M02,mathematics,easy,1,0.99,1,1,0.99,1,1,0.99,0.99,1.0,1.0,1.0,1.0,0.99,1,1,0.97,0.98,0,0,0.0,0.0,0.0,0.99,0.0,1,1
M03,mathematics,easy,1,0.99,1,1,0.99,1,1,0.99,0.99,1.0,1.0,1.0,1.0,0.99,1,1,0.97,0.98,0,0,0.0,0.0,0.0,0.99,0.0,1,1
M04,mathematics,easy,1,0.99,1,1,0.99,1,1,0.99,0.99,1.0,1.0,1.0,1.0,0.99,1,1,0.97,0.98,0,0,0.0,0.0,0.0,0.99,0.0,1,1
M05,mathematics,moderate,0,0.02,0,1,0.01,0,1,0.96,0.01,1.0,0.0,0.0,1.0,0.02,0,1,0.93,0.98,0,0,0.01,0.0,0.95,0.01,0.01,0,1
M06,mathematics,moderate,1,0.99,1,1,0.99,1,1,0.99,1.0,1.0,1.0,1.0,1.0,1.0,1,1,0.98,0.99,0,0,0.0,0.010000000000000009,0.010000000000000009,0.99,0.0,1,1
M07,mathematics,moderate,1,0.99,1,1,0.98,1,1,0.98,0.99,1.0,1.0,1.0,1.0,0.99,1,1,0.96,0.98,0,0,0.010000000000000009,0.0,0.010000000000000009,0.98,0.010000000000000009,1,1
M08,mathematics,moderate,1,0.99,1,1,0.99,1,1,0.99,0.99,1.0,1.0,1.0,1.0,0.99,1,1,0.98,0.97,0,0,0.0,0.0,0.0,0.99,0.0,1,1
M09,mathematics,hard,1,0.99,1,1,0.98,1,1,0.98,0.99,1.0,1.0,1.0,1.0,0.99,1,1,0.98,0.98,0,0,0.010000000000000009,0.0,0.010000000000000009,0.98,0.010000000000000009,1,1
M10,mathematics,hard,1,0.99,1,1,0.99,1,1,0.99,0.99,1.0,1.0,1.0,1.0,0.99,1,1,0.97,0.99,0,0,0.0,0.0,0.0,0.99,0.0,1,1
M11,mathematics,hard,1,0.99,1,1,0.99,1,1,0.99,0.99,1.0,1.0,1.0,1.0,0.99,1,1,0.98,0.99,0,0,0.0,0.0,0.0,0.99,0.0,1,1
M12,mathematics,hard,1,0.98,1,1,0.98,1,1,0.99,0.98,1.0,1.0,1.0,1.0,0.98,1,1,0.97,0.96,0,0,0.0,0.0,0.010000000000000009,0.98,0.0,1,1
P01,probability,easy,1,0.98,1,1,0.97,1,1,0.97,0.98,1.0,1.0,1.0,1.0,0.99,1,1,0.97,0.99,0,0,0.010000000000000009,0.010000000000000009,0.010000000000000009,0.97,0.010000000000000009,1,1
P02,probability,easy,1,0.99,1,1,0.97,1,1,0.97,0.98,1.0,1.0,1.0,1.0,0.99,1,1,0.95,0.96,0,0,0.020000000000000018,0.0,0.010000000000000009,0.97,0.020000000000000018,1,1
P03,probability,easy,1,0.99,1,1,0.99,1,1,0.99,0.99,1.0,1.0,1.0,1.0,0.99,1,1,0.97,0.99,0,0,0.0,0.0,0.0,0.99,0.0,1,1
P04,probability,easy,1,0.99,1,1,0.98,1,1,0.98,0.98,1.0,1.0,1.0,1.0,0.99,1,1,0.97,0.99,0,0,0.010000000000000009,0.0,0.0,0.98,0.010000000000000009,1,1
P05,probability,moderate,1,0.98,1,1,0.97,1,1,0.97,0.97,1.0,1.0,1.0,1.0,0.97,1,1,0.97,0.98,0,0,0.010000000000000009,0.010000000000000009,0.0,0.97,0.010000000000000009,1,1
P06,probability,moderate,1,0.98,1,1,0.97,1,1,0.97,0.97,1.0,1.0,1.0,1.0,0.97,1,1,0.97,0.99,0,0,0.010000000000000009,0.010000000000000009,0.0,0.97,0.010000000000000009,1,1
P07,probability,moderate,1,0.99,1,1,0.97,1,1,0.97,0.98,1.0,1.0,1.0,1.0,0.99,1,1,0.96,0.97,0,0,0.020000000000000018,0.0,0.010000000000000009,0.97,0.020000000000000018,1,1
P08,probability,moderate,1,0.85,1,1,0.86,1,1,0.86,0.93,1.0,1.0,1.0,1.0,0.85,1,1,0.97,0.99,0,0,0.010000000000000009,0.0,0.07000000000000006,0.86,0.010000000000000009,1,1
P09,probability,hard,1,0.9,1,1,0.9,1,1,0.9,0.9,1.0,1.0,1.0,1.0,0.89,1,1,0.91,0.94,0,0,0.0,0.010000000000000009,0.0,0.9,0.0,1,1
P10,probability,hard,1,0.94,1,1,0.82,1,1,0.82,0.94,1.0,1.0,1.0,1.0,0.92,1,1,0.97,0.99,0,0,0.12,0.019999999999999907,0.12,0.82,0.12,1,1
P11,probability,hard,0,0.01,0,1,0.02,0,1,0.98,0.02,1.0,0.0,1.0,1.0,0.02,0,1,0.97,0.98,0,0,0.01,0.01,0.96,0.02,0.01,0,1
P12,probability,hard,0,0.02,0,1,0.03,0,1,0.98,0.03,1.0,0.0,1.0,1.0,0.02,0,1,0.96,0.94,0,0,0.009999999999999998,0.0,0.95,0.03,0.009999999999999998,0,1
L01,formal_logic,easy,1,0.98,1,1,0.98,1,1,0.98,0.98,1.0,1.0,1.0,1.0,0.98,1,1,0.95,0.96,0,0,0.0,0.0,0.0,0.98,0.0,1,1
L02,formal_logic,easy,1,0.99,1,1,0.98,1,1,0.98,0.98,1.0,1.0,1.0,1.0,0.99,1,1,0.93,0.92,0,0,0.010000000000000009,0.0,0.0,0.98,0.010000000000000009,1,1
L03,formal_logic,easy,1,0.98,1,1,0.97,1,1,0.97,0.97,1.0,1.0,1.0,1.0,0.97,1,1,0.95,0.91,0,0,0.010000000000000009,0.010000000000000009,0.0,0.97,0.010000000000000009,1,1
L04,formal_logic,easy,1,0.98,1,1,0.97,1,1,0.97,0.97,1.0,1.0,1.0,1.0,0.98,1,1,0.93,0.89,0,0,0.010000000000000009,0.0,0.0,0.97,0.010000000000000009,1,1
L05,formal_logic,moderate,0,0.02,0,1,0.02,0,1,0.97,0.02,1.0,0.0,1.0,1.0,0.02,0,1,0.95,0.9,0,0,0.0,0.0,0.95,0.02,0.0,0,1
L06,formal_logic,moderate,0,0.02,0,1,0.02,0,1,0.97,0.02,1.0,0.0,1.0,1.0,0.02,0,1,0.95,0.93,0,0,0.0,0.0,0.95,0.02,0.0,0,1
L07,formal_logic,moderate,0,0.02,0,1,0.02,0,1,0.96,0.02,1.0,0.0,1.0,1.0,0.02,0,1,0.95,0.92,0,0,0.0,0.0,0.94,0.02,0.0,0,1
L08,formal_logic,moderate,0,0.03,0,1,0.04,0,1,0.96,0.04,1.0,0.0,1.0,1.0,0.03,0,1,0.95,0.92,0,0,0.010000000000000002,0.0,0.9199999999999999,0.04,0.010000000000000002,0,1
L09,formal_logic,hard,0,0.02,0,1,0.02,0,1,0.96,0.02,1.0,0.0,1.0,1.0,0.02,0,1,0.93,0.94,0,0,0.0,0.0,0.94,0.02,0.0,0,1
L10,formal_logic,hard,0,0.02,0,1,0.02,0,1,0.98,0.02,1.0,0.0,1.0,1.0,0.02,0,1,0.94,0.91,0,0,0.0,0.0,0.96,0.02,0.0,0,1
L11,formal_logic,hard,0,0.04,0,1,0.02,0,1,0.97,0.02,1.0,0.0,1.0,1.0,0.04,0,1,0.94,0.94,0,0,0.02,0.0,0.95,0.02,0.02,0,1
L12,formal_logic,hard,0,0.02,0,1,0.01,0,1,0.98,0.01,1.0,0.0,1.0,1.0,0.02,0,1,0.95,0.97,0,0,0.01,0.0,0.97,0.01,0.01,0,1
S01,science_reasoning,easy,1,0.98,1,1,0.98,1,1,0.98,0.99,1.0,1.0,1.0,1.0,0.98,1,1,0.96,0.97,0,0,0.0,0.0,0.010000000000000009,0.98,0.0,1,1
S02,science_reasoning,easy,1,0.98,1,1,0.97,1,1,0.98,0.97,1.0,1.0,1.0,1.0,0.98,1,1,0.97,0.97,0,0,0.010000000000000009,0.0,0.010000000000000009,0.97,0.010000000000000009,1,1
S03,science_reasoning,easy,1,0.98,1,1,0.98,1,1,0.98,0.99,1.0,1.0,1.0,1.0,0.98,1,1,0.93,0.96,0,0,0.0,0.0,0.010000000000000009,0.98,0.0,1,1
S04,science_reasoning,easy,1,0.98,1,1,0.98,1,1,0.99,0.98,1.0,1.0,1.0,1.0,0.98,1,1,0.97,0.98,0,0,0.0,0.0,0.010000000000000009,0.98,0.0,1,1
S05,science_reasoning,moderate,0,0.03,0,1,0.02,0,1,0.97,0.02,1.0,0.0,1.0,1.0,0.03,0,1,0.96,0.96,0,0,0.009999999999999998,0.0,0.95,0.02,0.009999999999999998,0,1
S06,science_reasoning,moderate,0,0.02,0,1,0.02,0,1,0.98,0.02,1.0,0.0,1.0,1.0,0.03,0,1,0.96,0.97,0,0,0.0,0.009999999999999998,0.96,0.02,0.0,0,1
S07,science_reasoning,moderate,0,0.02,0,1,0.02,0,1,0.98,0.02,1.0,0.0,1.0,1.0,0.02,0,1,0.95,0.95,0,0,0.0,0.0,0.96,0.02,0.0,0,1
S08,science_reasoning,moderate,0,0.05,0,1,0.04,0,1,0.96,0.04,1.0,0.0,1.0,1.0,0.04,0,1,0.96,0.96,0,0,0.010000000000000002,0.010000000000000002,0.9199999999999999,0.04,0.010000000000000002,0,1
S09,science_reasoning,hard,0,0.07,0,1,0.1,0,1,0.95,0.1,1.0,0.0,1.0,1.0,0.07,0,1,0.95,0.96,0,0,0.03,0.0,0.85,0.1,0.03,0,1
S10,science_reasoning,hard,0,0.02,0,1,0.03,0,1,0.98,0.03,1.0,0.0,1.0,1.0,0.02,0,1,0.95,0.97,0,0,0.009999999999999998,0.0,0.95,0.03,0.009999999999999998,0,1
S11,science_reasoning,hard,0,0.02,0,1,0.01,0,1,0.98,0.01,1.0,0.0,1.0,1.0,0.02,0,1,0.94,0.96,0,0,0.01,0.0,0.97,0.01,0.01,0,1
S12,science_reasoning,hard,0,0.03,0,1,0.03,0,1,0.96,0.03,1.0,0.0,1.0,1.0,0.03,0,1,0.88,0.95,0,0,0.0,0.0,0.9299999999999999,0.03,0.0,0,1
D01,data_reasoning,easy,1,0.98,1,1,0.98,1,1,0.98,0.98,1.0,1.0,1.0,1.0,0.98,1,1,0.97,0.99,0,0,0.0,0.0,0.0,0.98,0.0,1,1
D02,data_reasoning,easy,0,0.01,0,1,0.0,0,1,0.99,0.0,1.0,0.0,1.0,1.0,0.01,0,1,0.97,0.99,0,0,0.01,0.0,0.99,0.0,0.01,0,1
D03,data_reasoning,easy,0,0.05,0,1,0.21,0,1,0.98,0.21,1.0,0.0,1.0,1.0,0.05,0,1,0.97,0.99,0,0,0.15999999999999998,0.0,0.77,0.21,0.15999999999999998,0,1
D04,data_reasoning,easy,0,0.02,0,1,0.02,0,1,0.99,0.02,1.0,0.0,1.0,1.0,0.02,0,1,0.96,0.96,0,0,0.0,0.0,0.97,0.02,0.0,0,1
D05,data_reasoning,moderate,0,0.02,0,1,0.01,0,1,0.99,0.01,1.0,0.0,1.0,1.0,0.02,0,1,0.98,0.99,0,0,0.01,0.0,0.98,0.01,0.01,0,1
D06,data_reasoning,moderate,0,0.02,0,1,0.02,0,1,0.99,0.02,1.0,0.0,1.0,1.0,0.02,0,1,0.97,0.99,0,0,0.0,0.0,0.97,0.02,0.0,0,1
D07,data_reasoning,moderate,0,0.02,0,1,0.02,0,1,0.97,0.02,1.0,0.0,1.0,1.0,0.02,0,1,0.96,0.98,0,0,0.0,0.0,0.95,0.02,0.0,0,1
D08,data_reasoning,moderate,0,0.02,0,1,0.01,0,1,0.99,0.01,1.0,0.0,1.0,1.0,0.02,0,1,0.97,0.98,0,0,0.01,0.0,0.98,0.01,0.01,0,1
D09,data_reasoning,hard,0,0.03,0,1,0.02,0,1,0.99,0.02,1.0,0.0,1.0,1.0,0.03,0,1,0.98,0.99,0,0,0.009999999999999998,0.0,0.97,0.02,0.009999999999999998,0,1
D10,data_reasoning,hard,0,0.18,0,1,0.16,0,1,0.94,0.16,1.0,0.0,1.0,1.0,0.15,0,1,0.96,0.99,0,0,0.01999999999999999,0.03,0.7799999999999999,0.16,0.01999999999999999,0,1
D11,data_reasoning,hard,0,0.03,0,1,0.04,0,1,0.95,0.04,1.0,0.0,1.0,1.0,0.03,0,1,0.97,0.99,0,0,0.010000000000000002,0.0,0.9099999999999999,0.04,0.010000000000000002,0,1
D12,data_reasoning,hard,0,0.01,0,1,0.02,0,1,0.99,0.02,1.0,0.0,1.0,1.0,0.01,0,1,0.97,0.99,0,0,0.01,0.0,0.97,0.02,0.01,0,1
