original_id,confidence_group,original_probability,label,mean_abs_delta_p,median_abs_delta_p,max_abs_delta_p,mean_signed_delta_p,min_probability,max_probability,errors,variants
E4CH_L11,moderate_low,0.77,1,0.41333333333333333,0.49,0.73,-0.39999999999999997,0.04,0.79,2,3
E4CH_L10,moderate_low,0.57,1,0.37333333333333335,0.4,0.41000000000000003,0.37333333333333335,0.88,0.98,0,3
E4CH_L15,moderate_low,0.78,1,0.2833333333333333,0.22999999999999998,0.62,-0.2833333333333333,0.16,0.78,1,3
E4CH_P09,moderate_low,0.67,0,0.25000000000000006,0.27,0.43000000000000005,-0.25000000000000006,0.24,0.62,1,3
E4CH_P01,moderate_low,0.64,1,0.21666666666666665,0.30999999999999994,0.32999999999999996,0.20999999999999996,0.63,0.97,0,3
E4CH_M01,high_confidence,0.99,1,0.020000000000000018,0.010000000000000009,0.040000000000000036,-0.020000000000000018,0.95,0.98,0,3
E4CH_S01,high_confidence,0.97,1,0.003333333333333336,0.0,0.010000000000000009,-0.003333333333333336,0.96,0.97,0,3
E4CH_D01,high_confidence,0.99,1,0.0,0.0,0.0,0.0,0.99,0.99,0,3
E4CH_L01,high_confidence,0.98,1,0.0,0.0,0.0,0.0,0.98,0.98,0,3
E4CH_P02,high_confidence,0.98,1,0.0,0.0,0.0,0.0,0.98,0.98,0,3
