core_id,source_domain,target_domain,label,source_probability,shifted_probability,source_prediction,shifted_prediction,source_correct,shifted_correct,delta_probability,abs_delta_probability,decision_changed,source_confidence,shifted_confidence,confidence_change,abs_confidence_change
C01,mathematics,finance,0,0.05,0.05,0,0,1,1,0.0,0.0,0,0.95,0.95,0.0,0.0
C02,mathematics,finance,1,0.99,0.95,1,1,1,1,-0.040000000000000036,0.040000000000000036,0,0.99,0.95,-0.040000000000000036,0.040000000000000036
C03,mathematics,finance,0,0.0,0.0,0,0,1,1,0.0,0.0,0,1.0,1.0,0.0,0.0
C04,mathematics,finance,1,1.0,1.0,1,1,1,1,0.0,0.0,0,1.0,1.0,0.0,0.0
C05,mathematics,finance,0,0.06,0.05,0,0,1,1,-0.009999999999999995,0.009999999999999995,0,0.94,0.95,0.010000000000000009,0.010000000000000009
C06,mathematics,finance,1,0.99,0.98,1,1,1,1,-0.010000000000000009,0.010000000000000009,0,0.99,0.98,-0.010000000000000009,0.010000000000000009
C07,mathematics,finance,0,0.21,0.25,0,0,1,1,0.04000000000000001,0.04000000000000001,0,0.79,0.75,-0.040000000000000036,0.040000000000000036
C08,mathematics,finance,1,0.99,0.99,1,1,1,1,0.0,0.0,0,0.99,0.99,0.0,0.0
C09,mathematics,finance,0,0.08,0.06,0,0,1,1,-0.020000000000000004,0.020000000000000004,0,0.92,0.94,0.019999999999999907,0.019999999999999907
C10,mathematics,finance,1,0.99,0.99,1,1,1,1,0.0,0.0,0,0.99,0.99,0.0,0.0
C11,probability,medical,1,0.97,0.94,1,1,1,1,-0.030000000000000027,0.030000000000000027,0,0.97,0.94,-0.030000000000000027,0.030000000000000027
C12,probability,medical,0,0.04,0.05,0,0,1,1,0.010000000000000002,0.010000000000000002,0,0.96,0.95,-0.010000000000000009,0.010000000000000009
C13,probability,medical,1,0.98,0.98,1,1,1,1,0.0,0.0,0,0.98,0.98,0.0,0.0
C14,probability,medical,0,0.03,0.04,0,0,1,1,0.010000000000000002,0.010000000000000002,0,0.97,0.96,-0.010000000000000009,0.010000000000000009
C15,probability,medical,1,0.99,0.98,1,1,1,1,-0.010000000000000009,0.010000000000000009,0,0.99,0.98,-0.010000000000000009,0.010000000000000009
C16,probability,medical,0,0.02,0.02,0,0,1,1,0.0,0.0,0,0.98,0.98,0.0,0.0
C17,probability,medical,1,0.93,0.97,1,1,1,1,0.039999999999999925,0.039999999999999925,0,0.93,0.97,0.039999999999999925,0.039999999999999925
C18,probability,medical,0,0.02,0.02,0,0,1,1,0.0,0.0,0,0.98,0.98,0.0,0.0
C19,probability,medical,1,0.96,0.98,1,1,1,1,0.020000000000000018,0.020000000000000018,0,0.96,0.98,0.020000000000000018,0.020000000000000018
C20,probability,medical,0,0.02,0.02,0,0,1,1,0.0,0.0,0,0.98,0.98,0.0,0.0
C21,formal_logic,legal_rule_reasoning,1,0.98,0.96,1,1,1,1,-0.020000000000000018,0.020000000000000018,0,0.98,0.96,-0.020000000000000018,0.020000000000000018
C22,formal_logic,legal_rule_reasoning,0,0.05,0.08,0,0,1,1,0.03,0.03,0,0.95,0.92,-0.029999999999999916,0.029999999999999916
C23,formal_logic,legal_rule_reasoning,1,0.98,0.98,1,1,1,1,0.0,0.0,0,0.98,0.98,0.0,0.0
C24,formal_logic,legal_rule_reasoning,0,0.09,0.09,0,0,1,1,0.0,0.0,0,0.91,0.91,0.0,0.0
C25,formal_logic,legal_rule_reasoning,1,0.98,0.98,1,1,1,1,0.0,0.0,0,0.98,0.98,0.0,0.0
C26,formal_logic,legal_rule_reasoning,0,0.07,0.06,0,0,1,1,-0.010000000000000009,0.010000000000000009,0,0.9299999999999999,0.94,0.010000000000000009,0.010000000000000009
C27,formal_logic,legal_rule_reasoning,1,0.97,0.97,1,1,1,1,0.0,0.0,0,0.97,0.97,0.0,0.0
C28,formal_logic,legal_rule_reasoning,0,0.03,0.04,0,0,1,1,0.010000000000000002,0.010000000000000002,0,0.97,0.96,-0.010000000000000009,0.010000000000000009
C29,formal_logic,legal_rule_reasoning,1,0.98,0.66,1,1,1,1,-0.31999999999999995,0.31999999999999995,0,0.98,0.66,-0.31999999999999995,0.31999999999999995
C30,formal_logic,legal_rule_reasoning,0,0.08,0.09,0,0,1,1,0.009999999999999995,0.009999999999999995,0,0.92,0.91,-0.010000000000000009,0.010000000000000009
C31,science_reasoning,engineering,1,0.99,0.99,1,1,1,1,0.0,0.0,0,0.99,0.99,0.0,0.0
C32,science_reasoning,engineering,0,0.04,0.08,0,0,1,1,0.04,0.04,0,0.96,0.92,-0.039999999999999925,0.039999999999999925
C33,science_reasoning,engineering,1,0.98,0.98,1,1,1,1,0.0,0.0,0,0.98,0.98,0.0,0.0
C34,science_reasoning,engineering,0,0.08,0.1,0,0,1,1,0.020000000000000004,0.020000000000000004,0,0.92,0.9,-0.020000000000000018,0.020000000000000018
C35,science_reasoning,engineering,1,0.98,0.62,1,1,1,1,-0.36,0.36,0,0.98,0.62,-0.36,0.36
C36,science_reasoning,engineering,0,0.02,0.24,0,0,1,1,0.22,0.22,0,0.98,0.76,-0.21999999999999997,0.21999999999999997
C37,science_reasoning,engineering,1,0.97,0.97,1,1,1,1,0.0,0.0,0,0.97,0.97,0.0,0.0
C38,science_reasoning,engineering,0,0.02,0.02,0,0,1,1,0.0,0.0,0,0.98,0.98,0.0,0.0
C39,science_reasoning,engineering,1,0.99,0.99,1,1,1,1,0.0,0.0,0,0.99,0.99,0.0,0.0
C40,science_reasoning,engineering,0,0.02,0.02,0,0,1,1,0.0,0.0,0,0.98,0.98,0.0,0.0
C41,data_reasoning,business_operations,1,0.99,0.99,1,1,1,1,0.0,0.0,0,0.99,0.99,0.0,0.0
C42,data_reasoning,business_operations,0,0.01,0.02,0,0,1,1,0.01,0.01,0,0.99,0.98,-0.010000000000000009,0.010000000000000009
C43,data_reasoning,business_operations,1,0.99,0.99,1,1,1,1,0.0,0.0,0,0.99,0.99,0.0,0.0
C44,data_reasoning,business_operations,0,0.03,0.02,0,0,1,1,-0.009999999999999998,0.009999999999999998,0,0.97,0.98,0.010000000000000009,0.010000000000000009
C45,data_reasoning,business_operations,1,0.97,0.96,1,1,1,1,-0.010000000000000009,0.010000000000000009,0,0.97,0.96,-0.010000000000000009,0.010000000000000009
C46,data_reasoning,business_operations,0,0.02,0.02,0,0,1,1,0.0,0.0,0,0.98,0.98,0.0,0.0
C47,data_reasoning,business_operations,1,0.95,0.94,1,1,1,1,-0.010000000000000009,0.010000000000000009,0,0.95,0.94,-0.010000000000000009,0.010000000000000009
C48,data_reasoning,business_operations,0,0.05,0.04,0,0,1,1,-0.010000000000000002,0.010000000000000002,0,0.95,0.96,0.010000000000000009,0.010000000000000009
C49,data_reasoning,business_operations,1,0.98,0.98,1,1,1,1,0.0,0.0,0,0.98,0.98,0.0,0.0
C50,data_reasoning,business_operations,0,0.08,0.09,0,0,1,1,0.009999999999999995,0.009999999999999995,0,0.92,0.91,-0.010000000000000009,0.010000000000000009
