metric,estimate,ci_lower,ci_upper
mean_spread,0.005673083333333335,0.004000000000000002,0.007500000000000004
median_spread,0.004045,0.0,0.01
direct_predicate_abs_delta,0.004674733333333336,0.0031666666666666688,0.0063333333333333375
direct_classification_abs_delta,0.0035075,0.002333333333333333,0.004666666666666669
predicate_classification_abs_delta,0.003163933333333333,0.0016666666666666672,0.004999999999999997
any_decision_change_rate,0.0,0.0,0.0
direct_accuracy,1.0,1.0,1.0
predicate_accuracy,1.0,1.0,1.0
classification_accuracy,1.0,1.0,1.0
