case_id,probability_min,probability_max,probability_spread,probability_std,any_decision_change,baseline_label,domain,case_mean_confidence
M03,0.93,0.97,0.039999999999999925,0.020816659994661302,0,1,mathematics,0.9466666666666667
P05,0.95,0.97,0.020000000000000018,0.010000000000000009,0,1,probability,0.96
L10,0.03,0.05,0.020000000000000004,0.010000000000000002,0,0,formal_logic,0.96
P01,0.98,0.99,0.010000000000000009,0.005773502691896262,0,1,probability,0.9866666666666667
P11,0.98,0.99,0.010000000000000009,0.005773502691896262,0,1,probability,0.9866666666666667
M05,0.99,1.0,0.010000000000000009,0.005773502691896262,0,1,mathematics,0.9966666666666667
S01,0.96,0.97,0.010000000000000009,0.005773502691896262,0,1,science_reasoning,0.9666666666666667
L11,0.96,0.97,0.010000000000000009,0.005773502691896262,0,1,formal_logic,0.9666666666666667
S03,0.98,0.99,0.010000000000000009,0.005773502691896262,0,1,science_reasoning,0.9866666666666667
L03,0.97,0.98,0.010000000000000009,0.005773502691896263,0,1,formal_logic,0.9766666666666666
L05,0.98,0.99,0.010000000000000009,0.005773502691896262,0,1,formal_logic,0.9866666666666667
P03,0.95,0.96,0.010000000000000009,0.005773502691896262,0,1,probability,0.9533333333333333
D03,0.97,0.98,0.010000000000000009,0.005773502691896262,0,1,data_reasoning,0.9733333333333333
D07,0.98,0.99,0.010000000000000009,0.005773502691896262,0,1,data_reasoning,0.9866666666666667
L12,0.03,0.04,0.010000000000000002,0.005773502691896259,0,0,formal_logic,0.9633333333333333
