case_id,label,domain,original_p,irrelevant_p,distracting_p,original_conf,irrelevant_conf,distracting_conf,original_correct,irrelevant_correct,distracting_correct,original_to_irrelevant,original_to_distracting,irrelevant_to_distracting,abs_original_to_irrelevant,abs_original_to_distracting,abs_irrelevant_to_distracting,probability_spread,original_pred,irrelevant_pred,distracting_pred,decision_change_original_irrelevant,decision_change_original_distracting,any_decision_change
D01,1,data_reasoning,0.99,0.99,0.67,0.99,0.99,0.67,1,1,1,0.0,-0.31999999999999995,-0.31999999999999995,0.0,0.31999999999999995,0.31999999999999995,0.31999999999999995,1,1,1,False,False,False
D02,0,data_reasoning,0.01,0.01,0.6,0.99,0.99,0.6,1,1,0,0.0,0.59,0.59,0.0,0.59,0.59,0.59,0,0,1,False,True,True
D03,1,data_reasoning,0.99,0.97,0.79,0.99,0.97,0.79,1,1,1,-0.020000000000000018,-0.19999999999999996,-0.17999999999999994,0.020000000000000018,0.19999999999999996,0.17999999999999994,0.19999999999999996,1,1,1,False,False,False
D04,0,data_reasoning,0.02,0.02,0.02,0.98,0.98,0.98,1,1,1,0.0,0.0,0.0,0.0,0.0,0.0,0.0,0,0,0,False,False,False
D05,1,data_reasoning,0.99,0.98,0.87,0.99,0.98,0.87,1,1,1,-0.010000000000000009,-0.12,-0.10999999999999999,0.010000000000000009,0.12,0.10999999999999999,0.12,1,1,1,False,False,False
D06,0,data_reasoning,0.02,0.03,0.47,0.98,0.97,0.53,1,1,1,0.009999999999999998,0.44999999999999996,0.43999999999999995,0.009999999999999998,0.44999999999999996,0.43999999999999995,0.44999999999999996,0,0,0,False,False,False
D07,1,data_reasoning,0.99,0.99,0.46,0.99,0.99,0.54,1,1,0,0.0,-0.53,-0.53,0.0,0.53,0.53,0.53,1,1,0,False,True,True
D08,0,data_reasoning,0.01,0.02,0.63,0.99,0.98,0.63,1,1,0,0.01,0.62,0.61,0.01,0.62,0.61,0.62,0,0,1,False,True,True
D09,1,data_reasoning,0.98,0.98,0.88,0.98,0.98,0.88,1,1,1,0.0,-0.09999999999999998,-0.09999999999999998,0.0,0.09999999999999998,0.09999999999999998,0.09999999999999998,1,1,1,False,False,False
D10,0,data_reasoning,0.01,0.02,0.02,0.99,0.98,0.98,1,1,1,0.01,0.01,0.0,0.01,0.01,0.0,0.01,0,0,0,False,False,False
D11,1,data_reasoning,0.99,0.99,0.75,0.99,0.99,0.75,1,1,1,0.0,-0.24,-0.24,0.0,0.24,0.24,0.24,1,1,1,False,False,False
D12,0,data_reasoning,0.02,0.02,0.56,0.98,0.98,0.56,1,1,0,0.0,0.54,0.54,0.0,0.54,0.54,0.54,0,0,1,False,True,True
L01,1,formal_logic,0.98,0.98,0.99,0.98,0.98,0.99,1,1,1,0.0,0.010000000000000009,0.010000000000000009,0.0,0.010000000000000009,0.010000000000000009,0.010000000000000009,1,1,1,False,False,False
L02,0,formal_logic,0.02,0.01,0.02,0.98,0.99,0.98,1,1,1,-0.01,0.0,0.01,0.01,0.0,0.01,0.01,0,0,0,False,False,False
L03,1,formal_logic,0.98,0.91,0.98,0.98,0.91,0.98,1,1,1,-0.06999999999999995,0.0,0.06999999999999995,0.06999999999999995,0.0,0.06999999999999995,0.06999999999999995,1,1,1,False,False,False
L04,0,formal_logic,0.05,0.06,0.06,0.95,0.94,0.94,1,1,1,0.009999999999999995,0.009999999999999995,0.0,0.009999999999999995,0.009999999999999995,0.0,0.009999999999999995,0,0,0,False,False,False
L05,1,formal_logic,0.98,0.98,0.98,0.98,0.98,0.98,1,1,1,0.0,0.0,0.0,0.0,0.0,0.0,0.0,1,1,1,False,False,False
L06,0,formal_logic,0.02,0.02,0.02,0.98,0.98,0.98,1,1,1,0.0,0.0,0.0,0.0,0.0,0.0,0.0,0,0,0,False,False,False
L07,1,formal_logic,0.98,0.98,0.99,0.98,0.98,0.99,1,1,1,0.0,0.010000000000000009,0.010000000000000009,0.0,0.010000000000000009,0.010000000000000009,0.010000000000000009,1,1,1,False,False,False
L08,0,formal_logic,0.03,0.02,0.04,0.97,0.98,0.96,1,1,1,-0.009999999999999998,0.010000000000000002,0.02,0.009999999999999998,0.010000000000000002,0.02,0.02,0,0,0,False,False,False
L09,1,formal_logic,0.98,0.98,0.98,0.98,0.98,0.98,1,1,1,0.0,0.0,0.0,0.0,0.0,0.0,0.0,1,1,1,False,False,False
L10,0,formal_logic,0.06,0.05,0.06,0.94,0.95,0.94,1,1,1,-0.009999999999999995,0.0,0.009999999999999995,0.009999999999999995,0.0,0.009999999999999995,0.009999999999999995,0,0,0,False,False,False
L11,1,formal_logic,0.97,0.95,0.97,0.97,0.95,0.97,1,1,1,-0.020000000000000018,0.0,0.020000000000000018,0.020000000000000018,0.0,0.020000000000000018,0.020000000000000018,1,1,1,False,False,False
L12,0,formal_logic,0.07,0.07,0.06,0.93,0.93,0.94,1,1,1,0.0,-0.010000000000000009,-0.010000000000000009,0.0,0.010000000000000009,0.010000000000000009,0.010000000000000009,0,0,0,False,False,False
M01,1,mathematics,0.99,0.98,0.35,0.99,0.98,0.65,1,1,0,-0.010000000000000009,-0.64,-0.63,0.010000000000000009,0.64,0.63,0.64,1,1,0,False,True,True
M02,0,mathematics,0.02,0.02,0.79,0.98,0.98,0.79,1,1,0,0.0,0.77,0.77,0.0,0.77,0.77,0.77,0,0,1,False,True,True
M03,1,mathematics,0.99,0.99,0.99,0.99,0.99,0.99,1,1,1,0.0,0.0,0.0,0.0,0.0,0.0,0.0,1,1,1,False,False,False
M04,0,mathematics,0.01,0.02,0.56,0.99,0.98,0.56,1,1,0,0.01,0.55,0.54,0.01,0.55,0.54,0.55,0,0,1,False,True,True
M05,1,mathematics,0.92,0.93,0.95,0.92,0.93,0.95,1,1,1,0.010000000000000009,0.029999999999999916,0.019999999999999907,0.010000000000000009,0.029999999999999916,0.019999999999999907,0.029999999999999916,1,1,1,False,False,False
M06,0,mathematics,0.01,0.02,0.92,0.99,0.98,0.92,1,1,0,0.01,0.91,0.9,0.01,0.91,0.9,0.91,0,0,1,False,True,True
M07,1,mathematics,0.97,0.94,0.89,0.97,0.94,0.89,1,1,1,-0.030000000000000027,-0.07999999999999996,-0.04999999999999993,0.030000000000000027,0.07999999999999996,0.04999999999999993,0.07999999999999996,1,1,1,False,False,False
M08,0,mathematics,0.01,0.02,0.03,0.99,0.98,0.97,1,1,1,0.01,0.019999999999999997,0.009999999999999998,0.01,0.019999999999999997,0.009999999999999998,0.019999999999999997,0,0,0,False,False,False
M09,1,mathematics,0.99,0.99,0.74,0.99,0.99,0.74,1,1,1,0.0,-0.25,-0.25,0.0,0.25,0.25,0.25,1,1,1,False,False,False
M10,0,mathematics,0.02,0.02,0.02,0.98,0.98,0.98,1,1,1,0.0,0.0,0.0,0.0,0.0,0.0,0.0,0,0,0,False,False,False
M11,1,mathematics,0.99,0.99,0.98,0.99,0.99,0.98,1,1,1,0.0,-0.010000000000000009,-0.010000000000000009,0.0,0.010000000000000009,0.010000000000000009,0.010000000000000009,1,1,1,False,False,False
M12,0,mathematics,0.02,0.01,0.74,0.98,0.99,0.74,1,1,0,-0.01,0.72,0.73,0.01,0.72,0.73,0.73,0,0,1,False,True,True
P01,1,probability,0.98,0.96,0.98,0.98,0.96,0.98,1,1,1,-0.020000000000000018,0.0,0.020000000000000018,0.020000000000000018,0.0,0.020000000000000018,0.020000000000000018,1,1,1,False,False,False
P02,0,probability,0.01,0.01,0.02,0.99,0.99,0.98,1,1,1,0.0,0.01,0.01,0.0,0.01,0.01,0.01,0,0,0,False,False,False
P03,1,probability,0.97,0.96,0.59,0.97,0.96,0.59,1,1,1,-0.010000000000000009,-0.38,-0.37,0.010000000000000009,0.38,0.37,0.38,1,1,1,False,False,False
P04,0,probability,0.01,0.02,0.34,0.99,0.98,0.6599999999999999,1,1,1,0.01,0.33,0.32,0.01,0.33,0.32,0.33,0,0,0,False,False,False
P05,1,probability,0.98,0.97,0.48,0.98,0.97,0.52,1,1,0,-0.010000000000000009,-0.5,-0.49,0.010000000000000009,0.5,0.49,0.5,1,1,0,False,True,True
P06,0,probability,0.02,0.04,0.04,0.98,0.96,0.96,1,1,1,0.02,0.02,0.0,0.02,0.02,0.0,0.02,0,0,0,False,False,False
P07,1,probability,0.98,0.99,0.32,0.98,0.99,0.6799999999999999,1,1,0,0.010000000000000009,-0.6599999999999999,-0.6699999999999999,0.010000000000000009,0.6599999999999999,0.6699999999999999,0.6699999999999999,1,1,0,False,True,True
P08,0,probability,0.02,0.01,0.63,0.98,0.99,0.63,1,1,0,-0.01,0.61,0.62,0.01,0.61,0.62,0.62,0,0,1,False,True,True
P09,1,probability,0.91,0.93,0.67,0.91,0.93,0.67,1,1,1,0.020000000000000018,-0.24,-0.26,0.020000000000000018,0.24,0.26,0.26,1,1,1,False,False,False
P10,0,probability,0.02,0.02,0.03,0.98,0.98,0.97,1,1,1,0.0,0.009999999999999998,0.009999999999999998,0.0,0.009999999999999998,0.009999999999999998,0.009999999999999998,0,0,0,False,False,False
P11,1,probability,0.96,0.95,0.36,0.96,0.95,0.64,1,1,0,-0.010000000000000009,-0.6,-0.59,0.010000000000000009,0.6,0.59,0.6,1,1,0,False,True,True
P12,0,probability,0.02,0.02,0.02,0.98,0.98,0.98,1,1,1,0.0,0.0,0.0,0.0,0.0,0.0,0.0,0,0,0,False,False,False
S01,1,science_reasoning,0.94,0.95,0.97,0.94,0.95,0.97,1,1,1,0.010000000000000009,0.030000000000000027,0.020000000000000018,0.010000000000000009,0.030000000000000027,0.020000000000000018,0.030000000000000027,1,1,1,False,False,False
S02,0,science_reasoning,0.02,0.02,0.02,0.98,0.98,0.98,1,1,1,0.0,0.0,0.0,0.0,0.0,0.0,0.0,0,0,0,False,False,False
S03,1,science_reasoning,0.99,0.99,0.99,0.99,0.99,0.99,1,1,1,0.0,0.0,0.0,0.0,0.0,0.0,0.0,1,1,1,False,False,False
S04,0,science_reasoning,0.02,0.03,0.03,0.98,0.97,0.97,1,1,1,0.009999999999999998,0.009999999999999998,0.0,0.009999999999999998,0.009999999999999998,0.0,0.009999999999999998,0,0,0,False,False,False
S05,1,science_reasoning,0.98,0.98,0.98,0.98,0.98,0.98,1,1,1,0.0,0.0,0.0,0.0,0.0,0.0,0.0,1,1,1,False,False,False
S06,0,science_reasoning,0.02,0.02,0.02,0.98,0.98,0.98,1,1,1,0.0,0.0,0.0,0.0,0.0,0.0,0.0,0,0,0,False,False,False
S07,1,science_reasoning,0.98,0.98,0.98,0.98,0.98,0.98,1,1,1,0.0,0.0,0.0,0.0,0.0,0.0,0.0,1,1,1,False,False,False
S08,0,science_reasoning,0.03,0.03,0.03,0.97,0.97,0.97,1,1,1,0.0,0.0,0.0,0.0,0.0,0.0,0.0,0,0,0,False,False,False
S09,1,science_reasoning,0.96,0.97,0.97,0.96,0.97,0.97,1,1,1,0.010000000000000009,0.010000000000000009,0.0,0.010000000000000009,0.010000000000000009,0.0,0.010000000000000009,1,1,1,False,False,False
S10,0,science_reasoning,0.02,0.02,0.02,0.98,0.98,0.98,1,1,1,0.0,0.0,0.0,0.0,0.0,0.0,0.0,0,0,0,False,False,False
S11,1,science_reasoning,0.98,0.98,0.99,0.98,0.98,0.99,1,1,1,0.0,0.010000000000000009,0.010000000000000009,0.0,0.010000000000000009,0.010000000000000009,0.010000000000000009,1,1,1,False,False,False
S12,0,science_reasoning,0.02,0.01,0.01,0.98,0.99,0.99,1,1,1,-0.01,-0.01,0.0,0.01,0.01,0.0,0.01,0,0,0,False,False,False
